url,Gemini,GPT,Summary_Vietnamese,Summary_English
https://www.youtube.com/watch?v=qVh7U6CbLUE,"Văn bản thông tin các quy định mới về bảo hiểm thất nghiệp theo Luật Việc làm 2025, có hiệu lực từ ngày 01/05/2026, gồm: mở rộng đối tượng tham gia, điều chỉnh chế độ bảo hiểm, trần trợ cấp tối đa, điều kiện hưởng trợ cấp, bổ sung hỗ trợ người lao động cao tuổi, hỗ trợ đào tạo nghề cho người mất việc, và rút ngắn thời gian nhận trợ cấp thất nghiệp.","Văn bản thông tin về các quy định mới của Luật Việc làm 2025 (có hiệu lực từ 01/05/2026), bao gồm: mở rộng đối tượng đóng bảo hiểm thất nghiệp (hợp đồng từ 1 tháng, người quản lý doanh nghiệp); bổ sung chế độ hỗ trợ linh hoạt khi có khủng hoảng; xác định trần trợ cấp tối đa là 5 lần mức lương tối thiểu vùng; thay đổi điều kiện thời gian đóng đối với hợp đồng ngắn hạn; quy định rõ cơ chế tạm dừng/chấm dứt trợ cấp khi không thông báo tìm việc; bổ sung chính sách cho lao động cao tuổi; mở rộng hỗ trợ đào tạo nghề cho người không hưởng trợ cấp và rút ngắn thời gian nhận trợ cấp xuống ngày làm việc thứ 11.","Văn bản hướng dẫn các quy định mới của Luật Việc làm 2025, có hiệu lực từ 01/05/2026, bao gồm: mở rộng đối tượng tham gia bảo hiểm thất nghiệp (hợp đồng từ 1 tháng, người quản lý doanh nghiệp), điều chỉnh chế độ và trần trợ cấp tối đa 5 lần mức lương tối thiểu vùng, thay đổi điều kiện hưởng và thời gian đóng với hợp đồng ngắn hạn, quy định cơ chế tạm dừng/chấm dứt trợ cấp khi không thông báo tìm việc, bổ sung hỗ trợ người lao động cao tuổi, mở rộng hỗ trợ đào tạo nghề cho người mất việc hoặc không hưởng trợ cấp, và rút ngắn thời gian nhận trợ cấp xuống ngày làm việc thứ 11.","The document provides guidance on the new provisions of the 2025 Employment Law, effective from May 1, 2026, including: expanding unemployment insurance coverage (contracts from 1 month, business managers), adjusting benefits and capping allowances at 5 times the regional minimum wage, changing eligibility and contribution periods for short-term contracts, stipulating the suspension/termination of benefits if job-seeking is not reported, adding support for older workers, extending vocational training support for unemployed or non-beneficiaries, and shortening the waiting period for benefits to the 11th working day."
https://www.youtube.com/watch?v=wv-ddja76tU,"Nghị định 374/2025 quy định mức hưởng và cách tính tháng hưởng trợ cấp thất nghiệp cho người lao động, bao gồm mức hưởng hàng tháng bằng 60% lương bình quân 6 tháng trước khi thất nghiệp, quy định về gián đoạn đóng bảo hiểm và mức hưởng tối đa không quá 5 lần mức lương tối thiểu vùng. Tháng hưởng được tính theo tháng dương lịch, bắt đầu từ ngày nhận trợ cấp.","Nghị định 374/2025 quy định mức hưởng trợ cấp thất nghiệp hằng tháng bằng 60% mức lương bình quân của 6 tháng liền kề đóng bảo hiểm thất nghiệp trước khi thất nghiệp; trường hợp gián đoạn thì tính bình quân lương 6 tháng đóng trước khi chấm dứt hợp đồng. Mức hưởng tối đa không quá 5 lần mức lương tối thiểu vùng tại thời điểm chấm dứt hợp đồng. Tháng hưởng tính theo tháng dương lịch, bắt đầu từ ngày hưởng đến ngày đó của tháng sau trừ một ngày (hoặc ngày cuối cùng nếu tháng sau không có ngày tương ứng).","Nghị định 374/2025 quy định trợ cấp thất nghiệp bằng 60% lương bình quân 6 tháng đóng bảo hiểm thất nghiệp trước khi thất nghiệp, tính theo tháng dương lịch từ ngày nhận trợ cấp, mức hưởng tối đa không quá 5 lần lương tối thiểu vùng; trường hợp gián đoạn đóng bảo hiểm, tính bình quân lương 6 tháng trước khi chấm dứt hợp đồng.","Decree 374/2025 stipulates that unemployment benefits are 60% of the average salary of the 6 months of unemployment insurance contributions before unemployment, calculated by calendar month from the date of receiving benefits, with a maximum of 5 times the regional minimum wage; in case of contribution gaps, the average salary of the 6 months before contract termination is used."
https://www.youtube.com/watch?v=nS8fWKAtq0g,"Nghị định 372/2025/NĐ-CP bổ sung và sửa đổi quy định về hoạt động đưa người lao động Việt Nam đi làm việc ở nước ngoài theo hợp đồng, bao gồm rút ngắn thời gian xử lý hồ sơ giấy phép hoạt động từ 10 xuống 7 ngày, quy định thông báo đáp ứng điều kiện thị trường, ngành nghề và danh sách người lao động dự kiến đi làm việc ở nước ngoài qua hệ thống trực tuyến. Bộ Nội vụ xác nhận thông báo trong 3 ngày làm việc, trường hợp sự cố có thể nộp bản giấy.","Nghị định 372/2025/NĐ-CP sửa đổi quy định về đưa người lao động Việt Nam đi làm việc ở nước ngoài: rút ngắn thời gian xử lý hồ sơ đổi giấy phép hoạt động từ 10 ngày xuống 7 ngày; yêu cầu thông báo trực tuyến về việc đáp ứng điều kiện thị trường Nhật Bản, Đài Loan, Trung Quốc và nghề hộ lý trước khi thực hiện; bổ sung quy định thông báo trực tuyến danh sách lao động dự kiến đi làm việc ở nước ngoài để Bộ Nội vụ xác nhận trong 03 ngày làm việc (nộp bản giấy nếu hệ thống gặp sự cố).","Nghị định 372/2025/NĐ-CP sửa đổi, bổ sung quy định đưa người lao động Việt Nam đi làm việc ở nước ngoài theo hợp đồng, rút ngắn thời gian xử lý hồ sơ giấy phép hoạt động từ 10 xuống 7 ngày, yêu cầu thông báo trực tuyến về việc đáp ứng điều kiện thị trường, ngành nghề (Nhật Bản, Đài Loan, Trung Quốc, nghề hộ lý) và danh sách lao động dự kiến; Bộ Nội vụ xác nhận trong 3 ngày làm việc, nộp bản giấy nếu hệ thống gặp sự cố.","Decree 372/2025/ND-CP amends and supplements regulations on sending Vietnamese workers abroad under contracts, reducing the processing time for work permit applications from 10 to 7 days, requiring online notification of market and occupational eligibility (Japan, Taiwan, China, nursing) and the list of prospective workers; the Ministry of Home Affairs confirms within 3 working days, with paper submission if the system fails."
https://www.youtube.com/watch?v=wv-ddja76tU,"Nghị định 374/2025/NĐ-CP quy định mức và cách tính tháng hưởng trợ cấp thất nghiệp cho người lao động, bao gồm mức hưởng hàng tháng bằng 60% bình quân lương 6 tháng liền kề, quy định mức tối đa không quá 5 lần mức lương tối thiểu vùng, cách tính khi có gián đoạn đóng bảo hiểm và phương pháp xác định tháng hưởng theo tháng dương lịch.","Nghị định 374/2025 quy định mức hưởng trợ cấp thất nghiệp hằng tháng bằng 60% mức lương bình quân của 06 tháng liền kề đóng bảo hiểm thất nghiệp trước khi thất nghiệp (hoặc bình quân 06 tháng đóng trước khi chấm dứt hợp đồng nếu có gián đoạn), tối đa không quá 05 lần mức lương tối thiểu vùng tại thời điểm chấm dứt hợp đồng; tháng hưởng tính theo tháng dương lịch, từ ngày bắt đầu hưởng đến ngày đó của tháng sau trừ 01 ngày (hoặc ngày cuối tháng nếu không có ngày tương ứng).","Nghị định 374/2025/NĐ-CP quy định mức hưởng trợ cấp thất nghiệp hàng tháng bằng 60% bình quân lương 6 tháng liền kề trước khi thất nghiệp (hoặc trước khi chấm dứt hợp đồng nếu có gián đoạn đóng bảo hiểm), tối đa không quá 5 lần mức lương tối thiểu vùng; tháng hưởng được tính theo tháng dương lịch từ ngày bắt đầu hưởng đến ngày tương ứng của tháng sau trừ 1 ngày, hoặc ngày cuối tháng nếu không có ngày tương ứng.","Decree 374/2025/ND-CP stipulates that the monthly unemployment benefit is 60% of the average salary of the 6 consecutive months prior to unemployment (or prior to contract termination if there is an interruption in contributions), capped at 5 times the regional minimum wage; the benefit month is calculated according to the calendar month from the start date to the corresponding day of the following month minus one day, or the last day of the month if there is no corresponding day."
https://www.youtube.com/watch?v=qsuK7fM3HXc&t=2s,"Luật Việc làm 2025 quy định chi tiết các chế độ bảo hiểm thất nghiệp từ ngày 01/05/2026, bao gồm tư vấn, giới thiệu việc làm, hỗ trợ đào tạo nâng cao kỹ năng nghề, trợ cấp thất nghiệp và hỗ trợ người sử dụng lao động đào tạo để duy trì việc làm. Luật cũng bổ sung cơ chế hỗ trợ trong trường hợp khủng hoảng, thiên tai, dịch bệnh hoặc suy thoái kinh tế, khác với quy định tại Luật Việc làm 2013.","Luật Việc làm 2025 quy định các chế độ bảo hiểm thất nghiệp từ ngày 01/05/2026 gồm: tư vấn, giới thiệu việc làm; hỗ trợ người lao động đào tạo, nâng cao trình độ kỹ năng nghề; trợ cấp thất nghiệp; và hỗ trợ người sử dụng lao động đào tạo, bồi dưỡng nâng cao kỹ năng nghề để duy trì việc làm. Đặc biệt, Luật bổ sung cơ chế linh hoạt cho phép Chính phủ quy định giảm mức đóng hoặc hỗ trợ bằng tiền/hình thức khác trong các trường hợp khẩn cấp như khủng hoảng kinh tế, thiên tai, hỏa hoạn, địch họa hoặc dịch bệnh nguy hiểm.","Luật Việc làm 2025, có hiệu lực từ ngày 01/05/2026, quy định các chế độ bảo hiểm thất nghiệp bao gồm tư vấn và giới thiệu việc làm, hỗ trợ đào tạo nâng cao kỹ năng nghề cho người lao động, trợ cấp thất nghiệp, và hỗ trợ người sử dụng lao động đào tạo để duy trì việc làm, đồng thời bổ sung cơ chế linh hoạt trong các trường hợp khẩn cấp như khủng hoảng kinh tế, thiên tai, hỏa hoạn, dịch bệnh hoặc địch họa.","The Employment Law 2025, effective from May 1, 2026, stipulates unemployment insurance benefits including employment counseling and job placement, support for vocational skills training for employees, unemployment allowance, and support for employers to train and maintain employment, while adding a flexible mechanism for emergencies such as economic crises, natural disasters, fires, epidemics, or hostilities."
https://www.youtube.com/watch?v=2rMafqS2jcE,"Luật Việc làm 2025 và Nghị quyết số 21/2025/HĐND tỉnh Vĩnh Long quy định sửa đổi, bổ sung chính sách bảo hiểm thất nghiệp, mở rộng đối tượng tham gia, nâng mức hỗ trợ và rút ngắn thời gian giải quyết hồ sơ. Ngoài ra, hỗ trợ cụ thể cho trẻ em và giáo viên mầm non tại các cơ sở dân lập, tư thục ở nơi có nhiều lao động, nhằm giảm khó khăn, duy trì việc làm và đảm bảo quyền lợi cho người lao động và giáo viên.","Văn bản thông tin về Luật Việc làm 2025 (có hiệu lực từ 01/05/2026) với các điểm mới như: mở rộng đối tượng đóng bảo hiểm thất nghiệp (hợp đồng từ 1 tháng, người làm việc không trọn thời gian), linh hoạt mức đóng (tối đa 1%, có thể giảm về 0%), rút ngắn thời gian nhận trợ cấp xuống ngày làm việc thứ 11, và bổ sung hỗ trợ tiền ăn khi đào tạo nghề. Đồng thời, tóm tắt Nghị quyết 21/2025/HĐND tỉnh Vĩnh Long về chính sách hỗ trợ trẻ em (160.000 đồng/tháng) và giáo viên mầm non (800.000 đồng/tháng) tại các cơ sở dân lập, tư thục ở nơi có nhiều lao động (khu công nghiệp hoặc xã/phường đông lao động) trên địa bàn tỉnh.","Luật Việc làm 2025 (có hiệu lực từ 01/05/2026) và Nghị quyết số 21/2025/HĐND tỉnh Vĩnh Long sửa đổi, bổ sung chính sách bảo hiểm thất nghiệp, mở rộng đối tượng tham gia, linh hoạt mức đóng (tối đa 1%, có thể giảm về 0%), rút ngắn thời gian giải quyết hồ sơ xuống ngày làm việc thứ 11, bổ sung hỗ trợ tiền ăn khi đào tạo nghề, đồng thời hỗ trợ cụ thể cho trẻ em (160.000 đồng/tháng) và giáo viên mầm non (800.000 đồng/tháng) tại các cơ sở dân lập, tư thục ở nơi có nhiều lao động để giảm khó khăn, duy trì việc làm và đảm bảo quyền lợi người lao động và giáo viên.","The Employment Law 2025 (effective from May 1, 2026) and Resolution No. 21/2025/HĐND of Vinh Long province amend and supplement unemployment insurance policies, expand eligible participants, provide flexible contribution rates (up to 1%, reducible to 0%), shorten claim processing to the 11th working day, add meal support during vocational training, and provide specific support for children (160,000 VND/month) and preschool teachers (800,000 VND/month) in private and non-public institutions in high-labor areas to alleviate difficulties, maintain employment, and ensure workers’ and teachers’ rights."
https://www.youtube.com/watch?v=5DbawXl-id8,"Nghị định 49 và 50/2026 của Chính phủ quy định thẩm quyền, quy trình cấp giấy chứng nhận quyền sử dụng đất (sổ đỏ), sửa đổi bảng giá đất, áp dụng ưu đãi tiền sử dụng đất, và cơ chế tài chính liên quan. Mục tiêu nhằm tháo gỡ khó khăn, thống nhất cách thực hiện và nâng cao hiệu quả thi hành Luật Đất đai 2024 từ năm 2026. Văn bản nêu rõ quyền hạn của UBND cấp tỉnh, xã và văn phòng đăng ký đất đai, cùng các điều kiện, hạn mức, và xử lý vi phạm.","Nghị định 49 và 50/2026/NĐ-CP hướng dẫn Luật Đất đai 2024 với các điểm mới: sắp xếp lại thẩm quyền cấp sổ đỏ gắn với cơ quan có thẩm quyền quyết định giao/thuê đất (UBND cấp tỉnh, xã và Văn phòng đăng ký đất đai); yêu cầu địa phương ban hành quy trình thủ tục mới trước 01/05/2026; quy định 03 trường hợp sửa đổi bảng giá đất và các dự án không áp dụng bảng giá đất; chính sách ưu đãi tiền sử dụng đất khi chuyển mục đích sang đất ở chỉ được áp dụng 01 lần duy nhất từ ngày 01/08/2024; quy định nghĩa vụ hoàn trả ưu đãi khi doanh nghiệp chuyển nhượng/góp vốn và cơ chế khấu trừ tiền bồi thường đã ứng trước.","Nghị định 49 và 50/2026/NĐ-CP hướng dẫn Luật Đất đai 2024, quy định thẩm quyền cấp giấy chứng nhận quyền sử dụng đất (UBND cấp tỉnh, xã, Văn phòng đăng ký đất đai), quy trình thủ tục mới phải ban hành trước 01/05/2026, sửa đổi bảng giá đất, áp dụng ưu đãi tiền sử dụng đất một lần khi chuyển mục đích sang đất ở từ 01/08/2024, cùng các cơ chế tài chính, nghĩa vụ hoàn trả ưu đãi và xử lý vi phạm nhằm thống nhất thực hiện và nâng cao hiệu quả thi hành Luật.","Decrees 49 and 50/2026/ND-CP guide the 2024 Land Law, stipulating authorities for issuing land use right certificates (provincial and communal People's Committees, Land Registration Office), new procedural requirements to be issued by May 1, 2026, amendments to land price tables, a one-time land use fee incentive when converting to residential land from August 1, 2024, along with financial mechanisms, obligation to return incentives, and violation handling, aiming to unify implementation and improve the law’s effectiveness."
https://www.youtube.com/watch?v=MTbAVxnSgQY,"Văn bản quy định về đối tượng tham gia bảo hiểm thất nghiệp năm 2026, bao gồm người lao động theo hợp đồng lao động từ 1 tháng trở lên, các chức danh quản lý trong doanh nghiệp và hợp tác xã, đồng thời nêu rõ trường hợp miễn tham gia như người giúp việc gia đình, người đang hưởng lương hưu hoặc trợ cấp bảo hiểm xã hội.","Văn bản quy định đối tượng tham gia bảo hiểm thất nghiệp theo Luật Việc làm 2025 gồm: người làm việc theo hợp đồng từ đủ 01 tháng trở lên (kể cả thỏa thuận tên gọi khác nhưng có trả công và chịu quản lý), người làm việc không trọn thời gian có mức lương đủ điều kiện đóng BHXH bắt buộc, người quản lý doanh nghiệp, kiểm soát viên, chức danh quản lý hợp tác xã có hưởng lương. Các trường hợp không thuộc đối tượng tham gia gồm: người đang hưởng hoặc đủ điều kiện hưởng lương hưu/trợ cấp hàng tháng, người làm việc theo hợp đồng thử việc và người giúp việc gia đình.","Văn bản quy định đối tượng tham gia bảo hiểm thất nghiệp năm 2026 theo Luật Việc làm 2025, gồm người lao động theo hợp đồng từ 1 tháng trở lên, người làm việc không trọn thời gian có mức lương đủ điều kiện đóng BHXH bắt buộc, người quản lý doanh nghiệp, kiểm soát viên, chức danh quản lý hợp tác xã có hưởng lương, đồng thời nêu rõ các trường hợp miễn tham gia như người đang hưởng hoặc đủ điều kiện hưởng lương hưu/trợ cấp hàng tháng, người làm việc theo hợp đồng thử việc và người giúp việc gia đình.","The document stipulates the eligibility for unemployment insurance in 2026 under the 2025 Employment Law, including employees with contracts of one month or more, part-time workers earning sufficient wages to contribute to mandatory social insurance, enterprise managers, supervisors, and salaried cooperative management positions, while specifying exemptions such as those receiving or eligible for pensions/monthly social benefits, probationary workers, and domestic helpers."
https://www.youtube.com/watch?v=NrM2LJyHJII,"Văn bản thông tin về những thay đổi chính sách bảo hiểm thất nghiệp và bảo hiểm xã hội năm 2026, bao gồm mở rộng hỗ trợ đào tạo nghề, rút ngắn thời gian chờ hưởng trợ cấp thất nghiệp, thống nhất mức hưởng tối đa, mở rộng hỗ trợ người sử dụng lao động, hướng dẫn xử lý bảo hiểm xã hội khi doanh nghiệp giải thể, và đề xuất sửa đổi điều lệ công đoàn Việt Nam, bao gồm đổi tên cơ quan lãnh đạo và điều chỉnh mức đóng đoàn phí.","Văn bản thông tin về Luật Việc làm 2025 (có hiệu lực từ 01/01/2026) với 04 thay đổi lớn về bảo hiểm thất nghiệp: bổ sung hỗ trợ tiền ăn khi đào tạo nghề, rút ngắn thời gian chờ hưởng trợ cấp xuống ngày làm việc thứ 11, thống nhất mức hưởng tối đa bằng 05 lần lương tối thiểu vùng, và mở rộng trường hợp hỗ trợ doanh nghiệp đào tạo để duy trì việc làm. Đồng thời, văn bản giải đáp về bảo hiểm hưu trí bổ sung, hướng dẫn chốt sổ BHXH khi doanh nghiệp giải thể theo Nghị định 158/2025 và các nội dung dự thảo Điều lệ Công đoàn Việt Nam sửa đổi như đổi tên ""Đoàn Chủ tịch"" thành ""Ban Thường vụ"", giảm mức đóng đoàn phí từ 1% xuống 0,5%.","Văn bản Luật Việc làm 2025 (có hiệu lực từ 01/01/2026) quy định các thay đổi về bảo hiểm thất nghiệp gồm hỗ trợ tiền ăn khi đào tạo nghề, rút ngắn thời gian chờ hưởng trợ cấp xuống ngày làm việc thứ 11, thống nhất mức hưởng tối đa bằng 5 lần lương tối thiểu vùng, và mở rộng hỗ trợ doanh nghiệp duy trì việc làm; đồng thời hướng dẫn bảo hiểm xã hội khi doanh nghiệp giải thể theo Nghị định 158/2025 và trình bày dự thảo sửa đổi Điều lệ Công đoàn Việt Nam với việc đổi tên ""Đoàn Chủ tịch"" thành ""Ban Thường vụ"" và giảm mức đóng đoàn phí từ 1% xuống 0,5%.","The 2025 Employment Law (effective from January 1, 2026) stipulates changes to unemployment insurance, including meal support during vocational training, reducing the waiting period for benefits to the 11th working day, standardizing the maximum benefit at five times the regional minimum wage, and expanding support for businesses to maintain employment; it also provides guidance on social insurance when businesses dissolve according to Decree 158/2025 and outlines the draft amendments to the Vietnam Trade Union Charter, renaming the ""Presidium"" to ""Standing Committee"" and reducing union fee contributions from 1% to 0.5%."
https://www.youtube.com/watch?v=W70XjOJYlKM,"Nội dung trình bày các điểm mới của các luật thuế ban hành năm 2025 gồm thuế tiêu thụ đặc biệt, thuế thu nhập cá nhân, thuế giá trị gia tăng, thuế thu nhập doanh nghiệp và luật quản lý thuế, áp dụng từ năm 2026; bao gồm điều chỉnh đối tượng chịu thuế, mức thuế suất, phương pháp tính thuế, ưu đãi thuế, quy định kê khai và quản lý thuế, cũng như thay đổi ngưỡng doanh thu và cơ chế hoàn, miễn, giảm thuế.","Văn bản tổng hợp các điểm mới của 05 sắc thuế áp dụng từ năm 2026: (1) Thuế TTĐB: bổ sung phương pháp tính thuế tuyệt đối (thuốc lá), tăng thuế suất rượu, bia, đưa nước giải khát có đường vào diện chịu thuế; (2) Thuế TNCN: rút gọn biểu thuế lũy tiến còn 5 bậc, nâng mức giảm trừ gia cảnh (bản thân 15,5 triệu, phụ thuộc 6,2 triệu/tháng), nâng ngưỡng doanh thu hộ kinh doanh lên 500 triệu đồng; (3) Thuế GTGT: nâng ngưỡng chịu thuế lên 500 triệu đồng, điều chỉnh danh mục đối tượng không chịu thuế và mức thuế suất 5%, 10%, bổ sung trường hợp hoàn thuế; (4) Thuế TNDN: bổ sung thu nhập miễn thuế, cho phép bù trừ lỗ chuyển nhượng BĐS với hoạt động sản xuất kinh doanh, ưu đãi riêng cho doanh nghiệp nhỏ và vừa; (5) Quản lý thuế: giảm thời hạn khai bổ sung xuống 5 năm, áp dụng cơ chế hoàn/miễn thuế tự động và quản lý rủi ro đối với hộ kinh doanh/thương mại điện tử.","Văn bản tổng hợp các điểm mới của 05 sắc thuế áp dụng từ năm 2026, gồm: Thuế tiêu thụ đặc biệt (bổ sung phương pháp tính thuế tuyệt đối, tăng thuế rượu, bia, đưa nước giải khát có đường vào diện chịu thuế); Thuế thu nhập cá nhân (rút gọn biểu thuế lũy tiến còn 5 bậc, nâng mức giảm trừ gia cảnh, nâng ngưỡng doanh thu hộ kinh doanh lên 500 triệu đồng); Thuế giá trị gia tăng (nâng ngưỡng chịu thuế lên 500 triệu đồng, điều chỉnh danh mục đối tượng không chịu thuế, mức thuế suất 5% và 10%, bổ sung trường hợp hoàn thuế); Thuế thu nhập doanh nghiệp (bổ sung thu nhập miễn thuế, cho phép bù trừ lỗ chuyển nhượng BĐS, ưu đãi cho doanh nghiệp nhỏ và vừa); Quản lý thuế (giảm thời hạn khai bổ sung xuống 5 năm, áp dụng cơ chế hoàn/miễn thuế tự động, quản lý rủi ro với hộ kinh doanh và thương mại điện tử).","The document consolidates the new provisions of five taxes effective from 2026, including: Excise tax (adding absolute tax calculation, increasing alcohol and beer tax, including sugary drinks); Personal income tax (simplifying progressive rates to 5 brackets, increasing personal and dependent deductions, raising household business revenue threshold to 500 million VND); Value-added tax (raising taxable threshold to 500 million VND, adjusting exempt categories, tax rates of 5% and 10%, adding refund cases); Corporate income tax (adding tax-exempt income, allowing real estate loss offset, incentives for small and medium enterprises); Tax administration (reducing supplementary filing period to 5 years, applying automatic refund/exemption, and risk management for household businesses and e-commerce)."
https://www.youtube.com/watch?v=D89vE7F5rvs,"Văn bản cung cấp thông tin về các sự kiện và chính sách hành chính – kinh tế quan trọng tại Việt Nam, bao gồm vụ cháy tàu du lịch tại Hạ Long, hiệu lực của Nghị định 357/2025 về cấp mã định danh điện tử cho bất động sản, luật Đầu tư 2025, quản lý sự kiện trên phố đi bộ tại TP. Hồ Chí Minh, tái khởi động dự án bệnh viện Ung bướu Cần Thơ, và kế hoạch giải ngân vốn đầu tư công, phát triển nhà ở xã hội và đô thị hóa năm 2026 theo nghị quyết của Chính phủ.","Văn bản cung cấp thông tin về các sự kiện và chính sách hành chính – kinh tế quan trọng tại Việt Nam, bao gồm vụ cháy tàu du lịch tại Hạ Long (không có thiệt hại về người), hiệu lực của Nghị định 357/2025 về cấp mã định danh điện tử cho bất động sản từ tháng 3, luật Đầu tư 2025 có hiệu lực với nhiều điểm mới về hậu kiểm, quản lý hạn chế sự kiện trên phố đi bộ tại TP. Hồ Chí Minh, tái khởi động dự án bệnh viện Ung bướu Cần Thơ vào tháng tới, và chương trình hành động của Bộ Xây dựng thực hiện Nghị quyết 01 năm 2026 với các mục tiêu về giải ngân vốn đầu tư công trên 95%, phát triển nhà ở xã hội và đô thị hóa.","Văn bản tổng hợp các sự kiện và chính sách hành chính – kinh tế quan trọng tại Việt Nam, gồm vụ cháy tàu du lịch tại Hạ Long (không gây thiệt hại về người), hiệu lực từ tháng 3 của Nghị định 357/2025 về cấp mã định danh điện tử cho bất động sản, Luật Đầu tư 2025 với nhiều điểm mới về hậu kiểm, quản lý hạn chế sự kiện trên phố đi bộ tại TP. Hồ Chí Minh, tái khởi động dự án bệnh viện Ung bướu Cần Thơ vào tháng tới, và chương trình hành động của Bộ Xây dựng thực hiện Nghị quyết 01/2026 về giải ngân vốn đầu tư công trên 95%, phát triển nhà ở xã hội và đô thị hóa.","The document summarizes key administrative and economic events and policies in Vietnam, including the Ha Long cruise ship fire (with no casualties), the effective implementation from March of Decree 357/2025 on issuing digital identification codes for real estate, the 2025 Investment Law with new post-inspection provisions, restricted event management on Ho Chi Minh City's walking streets, the upcoming restart of the Can Tho Oncology Hospital project, and the Ministry of Construction's action plan implementing Resolution 01/2026 on over 95% public investment disbursement, social housing development, and urbanization."
https://www.youtube.com/watch?v=nS8fWKAtq0g,"Nghị định 372/2025/NĐ-CP sửa đổi, bổ sung các quy định về hoạt động đưa người lao động Việt Nam đi làm việc ở nước ngoài theo hợp đồng, gồm rút ngắn thời gian xử lý giấy phép, yêu cầu thông báo trực tuyến đáp ứng điều kiện thị trường, ngành nghề và thông báo danh sách người lao động dự kiến đi làm việc ở nước ngoài. Bộ Nội vụ có trách nhiệm xác nhận thông báo trong vòng 3 ngày làm việc.","Nghị định 372/2025/NĐ-CP sửa đổi, bổ sung quy định về đưa người lao động Việt Nam đi làm việc ở nước ngoài theo hợp đồng: rút ngắn thời gian xử lý hồ sơ đổi giấy phép hoạt động từ 10 ngày xuống 7 ngày; bổ sung quy định thông báo trực tuyến về đáp ứng điều kiện thị trường/ngành nghề tại Đài Loan (Trung Quốc), Nhật Bản trước khi đưa lao động đi; và quy định thông báo trực tuyến danh sách người lao động dự kiến. Bộ Nội vụ có trách nhiệm xác nhận thông báo danh sách trong 03 ngày làm việc hoặc tiếp nhận bản giấy nếu hệ thống gặp sự cố.","Nghị định 372/2025/NĐ-CP sửa đổi, bổ sung quy định về đưa người lao động Việt Nam đi làm việc ở nước ngoài theo hợp đồng, rút ngắn thời gian xử lý hồ sơ từ 10 ngày xuống 7 ngày, yêu cầu thông báo trực tuyến về đáp ứng điều kiện thị trường và ngành nghề, bao gồm danh sách người lao động dự kiến đi; Bộ Nội vụ xác nhận thông báo trong 3 ngày làm việc hoặc tiếp nhận bản giấy khi hệ thống gặp sự cố.","Decree 372/2025/ND-CP amends and supplements regulations on sending Vietnamese workers abroad under contracts, reducing processing time from 10 days to 7 days, requiring online notification of market and occupational eligibility, including the list of prospective workers; the Ministry of Home Affairs confirms the notification within 3 working days or accepts paper copies if the system fails."
https://www.youtube.com/watch?v=jsIxxzbEK5k,"Văn bản tổng hợp thông tin về các chính sách và hoạt động hành chính – kinh tế mới tại Việt Nam, bao gồm nghị định xử phạt vi phạm hành chính trong lĩnh vực tiền tệ, quyền tác giả, quảng cáo; xử lý lấn chiếm vỉa hè tại TP. Hồ Chí Minh; tình hình đánh bắt cá cuối năm tại Gia Lai; và số liệu doanh nghiệp gia nhập, tái gia nhập thị trường tháng 1/2026. Văn bản nêu mục tiêu thực hiện các quy định, giám sát, và tạo điều kiện kinh doanh đúng quy định.","Văn bản tổng hợp thông tin về các chính sách có hiệu lực từ tháng 2/2026 (xử phạt vi phạm tiền tệ, quyền tác giả, quảng cáo mạng); công tác chấn chỉnh lấn chiếm vỉa hè tại TP. Hồ Chí Minh gắn với việc tìm quỹ đất công hỗ trợ người dân kinh doanh; tình hình ngư dân Tam Quang (Quảng Nam - không phải Gia Lai) trúng đậm cá ngừ đại dương dịp Tết; và số liệu khả quan về hơn 54.000 doanh nghiệp gia nhập, tái gia nhập thị trường trong tháng 1/2026.","Văn bản tổng hợp các chính sách và hoạt động hành chính – kinh tế mới tại Việt Nam, có hiệu lực từ tháng 2/2026, bao gồm xử phạt vi phạm hành chính về tiền tệ, quyền tác giả, quảng cáo; chấn chỉnh lấn chiếm vỉa hè tại TP. Hồ Chí Minh kết hợp tìm quỹ đất công hỗ trợ kinh doanh; tình hình đánh bắt cá của ngư dân Tam Quang (Quảng Nam) dịp Tết; và số liệu hơn 54.000 doanh nghiệp gia nhập, tái gia nhập thị trường tháng 1/2026, nhằm thực hiện quy định, giám sát và tạo điều kiện kinh doanh đúng luật.","The document compiles new administrative and economic policies in Vietnam, effective from February 2026, including sanctions for violations in currency, copyright, and advertising; regulation of sidewalk encroachment in Ho Chi Minh City combined with finding public land to support business; fishing activities of Tam Quang (Quang Nam) fishermen during Tet; and data on over 54,000 enterprises entering or re-entering the market in January 2026, aiming to enforce regulations, oversee compliance, and facilitate lawful business operations."
https://www.youtube.com/watch?v=DiEIu1OAopw,"Bản tin thông báo về việc Chính phủ ban hành Nghị định quy định chuẩn nghèo đa chiều quốc gia giai đoạn 2026-2030, triển khai các chính sách hỗ trợ hợp tác xã nông nghiệp, cải cách hành chính địa phương hai cấp tại Thanh Hóa, kết quả giáo dục, cấp căn cước công dân và định danh điện tử, cùng việc triển khai vắc xin phế cầu trong chương trình tiêm chủng mở rộng. Văn bản nêu mục tiêu thực hiện các chính sách và cải thiện hiệu quả quản lý, phục vụ người dân.","Bản tin tổng hợp các nội dung: Chính phủ ban hành chuẩn nghèo đa chiều giai đoạn 2026-2030 (áp dụng từ năm 2027 với mức thu nhập nông thôn 2,2 triệu đồng, đô thị 2,8 triệu đồng/người/tháng); Thanh Hóa hỗ trợ 42 mô hình HTX nông nghiệp công nghệ cao giai đoạn 2021-2025; kết quả tích cực sau 6 tháng vận hành chính quyền địa phương hai cấp và nhân rộng mô hình chính quyền thân thiện; dấu ấn giáo dục Thanh Hóa học kỳ I năm học 2025-2026; Công an Thanh Hóa trực cấp căn cước/định danh xuyên Tết Dương lịch; và kế hoạch đưa vắc xin phế cầu vào chương trình tiêm chủng mở rộng từ Quý 1/2026.","Bản tin tổng hợp việc Chính phủ ban hành chuẩn nghèo đa chiều giai đoạn 2026-2030 (áp dụng từ năm 2027 với mức thu nhập nông thôn 2,2 triệu đồng, đô thị 2,8 triệu đồng/người/tháng), triển khai chính sách hỗ trợ 42 mô hình HTX nông nghiệp công nghệ cao tại Thanh Hóa giai đoạn 2021-2025, cải cách hành chính địa phương hai cấp với kết quả tích cực sau 6 tháng, kết quả giáo dục Thanh Hóa học kỳ I năm học 2025-2026, cấp căn cước công dân và định danh điện tử xuyên Tết Dương lịch, cùng kế hoạch triển khai vắc xin phế cầu vào chương trình tiêm chủng mở rộng từ Quý 1/2026.","The bulletin summarizes the Government's issuance of the multidimensional poverty standards for 2026-2030 (effective from 2027 with rural income at 2.2 million VND and urban at 2.8 million VND per person/month), implementation of support for 42 high-tech agricultural cooperative models in Thanh Hoa during 2021-2025, two-level local administrative reforms with positive results after six months, Thanh Hoa's education achievements in the first semester of 2025-2026, issuance of citizen ID cards and digital identification throughout the Lunar New Year, and the plan to introduce the pneumococcal vaccine into the expanded immunization program from Q1/2026."
https://www.youtube.com/watch?v=iMWiFJVgf3g,"Văn bản thông báo về việc thay đổi pháp lý trong ngành du lịch Việt Nam, chuyển quyền xử phạt sang Giám đốc Sở Du lịch từ 01/05/2025, tăng mức phạt tối đa, mở rộng phạm vi giám sát sang các lĩnh vực khác như an ninh, đầu tư, ngân hàng, và cập nhật các mức phạt liên quan đến khách bỏ trốn. Quyền hạn mới sẽ áp dụng đầy đủ từ tháng 2/2026, yêu cầu doanh nghiệp chuẩn bị thích ứng.","Văn bản thông báo thay đổi pháp lý ngành du lịch: từ 01/05/2025 chuyển thẩm quyền xử phạt từ Chánh Thanh tra sang Giám đốc Sở Du lịch với mức phạt tối đa tăng hơn 3 lần; mở rộng phạm vi xử phạt của Giám đốc Sở sang lĩnh vực an ninh, đầu tư, ngân hàng (mức phạt tới 800 triệu đồng); bãi bỏ mức phạt cũ đối với vi phạm để khách bỏ trốn trong Luật Du lịch để chuyển sang Luật An ninh xã hội; lộ trình thay đổi bắt đầu từ tháng 7/2025 và áp dụng đầy đủ quyền hạn mới từ tháng 2/2026.","Văn bản thông báo về thay đổi pháp lý ngành du lịch: từ 01/05/2025 chuyển thẩm quyền xử phạt từ Chánh Thanh tra sang Giám đốc Sở Du lịch, tăng mức phạt tối đa hơn 3 lần, mở rộng phạm vi xử phạt sang an ninh, đầu tư, ngân hàng, cập nhật mức phạt liên quan khách bỏ trốn; lộ trình bắt đầu từ 07/2025 và áp dụng đầy đủ quyền hạn từ 02/2026, yêu cầu doanh nghiệp chuẩn bị thích ứng.","The document announces legal changes in the tourism sector: from May 1, 2025, the sanctioning authority is transferred from the Chief Inspector to the Director of the Department of Tourism, with maximum fines increased over threefold, expanding the scope to security, investment, and banking, updating fines related to absconding customers; the transition starts in July 2025 and the full authority applies from February 2026, requiring businesses to prepare for adaptation."
https://www.youtube.com/watch?v=CPl1SlG_sA0,"Nghị định 347 quy định về hiện đại hóa và số hóa các giao dịch với Kho bạc Nhà nước, bao gồm nộp tiền, nhận tiền và quản lý tài khoản. Văn bản đặt ra ưu tiên giao dịch điện tử, rút ngắn thời gian xử lý, sử dụng VNID thay cho giấy tờ tùy thân và yêu cầu bổ sung hồ sơ không quá một lần. Nghị định có hiệu lực từ 01/05/2026, nhằm tạo thuận lợi, minh bạch và hiệu quả cho tất cả các giao dịch tài chính với nhà nước.",Nghị định 347 (có hiệu lực từ 01/05/2026) quy định về hiện đại hóa và số hóa các giao dịch với Kho bạc Nhà nước: ưu tiên giao dịch điện tử thay cho giấy tờ; không nộp tiền mặt trực tiếp tại kho bạc; rút ngắn thời gian xử lý nộp tiền điện tử còn 5 phút; cho phép dùng VNeID mức độ 2 khi nhận tiền mặt; thời gian xử lý thủ tục tài khoản trong 01 ngày làm việc và chỉ được yêu cầu bổ sung hồ sơ tối đa 01 lần.,"Nghị định 347 có hiệu lực từ 01/05/2026, quy định hiện đại hóa và số hóa các giao dịch với Kho bạc Nhà nước, ưu tiên giao dịch điện tử, rút ngắn thời gian xử lý, sử dụng VNeID thay cho giấy tờ tùy thân, không nộp tiền mặt trực tiếp, xử lý thủ tục tài khoản trong 1 ngày làm việc và yêu cầu bổ sung hồ sơ tối đa một lần, nhằm tạo thuận lợi, minh bạch và hiệu quả cho các giao dịch tài chính với nhà nước.","Decree 347, effective from May 1, 2026, regulates the modernization and digitization of transactions with the State Treasury, prioritizing electronic transactions, shortening processing times, using VNeID instead of identity documents, prohibiting direct cash deposits, processing account procedures within one working day, and allowing supplementary documents only once, aiming to facilitate, enhance transparency, and improve efficiency in financial transactions with the state."
https://www.youtube.com/watch?v=mbywV4r-ZrY,"Nghị định 346/2025/NĐ-CP quy định mức phí bảo vệ môi trường đối với nước thải sinh hoạt và nước thải từ cơ sở kinh doanh, bao gồm quy định về đối tượng, mức phí, khai thu, nộp phí và quyết toán. Nghị định yêu cầu tổ chức thu phí theo dõi riêng, nộp ngân sách nhà nước đúng hạn và thực hiện quyết toán hàng năm. Mức phí cơ bản là 10% tiền sử dụng nước sạch, mức cao hơn do HĐND cấp tỉnh quyết định.","Nghị định 346/2025/NĐ-CP quy định phí bảo vệ môi trường đối với nước thải sinh hoạt (gồm nước thải sinh hoạt và nước thải từ cơ sở kinh doanh dưới 20 m³/ngày): mức phí là 10% giá bán nước sạch chưa thuế VAT (HĐND cấp tỉnh có thể quyết định mức cao hơn); phí được nộp cùng hóa đơn nước sạch; tổ chức thu phí phải theo dõi riêng, nộp tiền vào tài khoản chờ nộp ngân sách chậm nhất ngày 20 tháng sau và quyết toán hàng năm.","Nghị định 346/2025/NĐ-CP quy định phí bảo vệ môi trường đối với nước thải sinh hoạt và nước thải từ cơ sở kinh doanh dưới 20 m³/ngày, mức cơ bản 10% giá bán nước sạch chưa VAT, HĐND cấp tỉnh có thể quyết định mức cao hơn; phí nộp cùng hóa đơn nước, tổ chức thu phí phải theo dõi riêng, nộp ngân sách đúng hạn và thực hiện quyết toán hàng năm.","Decree 346/2025/ND-CP regulates the environmental protection fee for domestic wastewater and wastewater from business establishments under 20 m³/day, with a basic rate of 10% of the water price excluding VAT, which provincial People's Councils may set higher; the fee is paid with the water bill, collecting organizations must track separately, submit to the state budget on time, and carry out annual settlement."
https://www.youtube.com/watch?v=KcyMmegeI08,"Nghị định số 341/2025/NĐ-CP của Chính phủ quy định xử phạt vi phạm hành chính về quyền tác giả và quyền liên quan, bao gồm các hành vi vi phạm, mức phạt tiền tối đa, và các hình thức xử phạt bổ sung. Nghị định chi tiết 35 hành vi xâm phạm quyền tác giả, quyền liên quan và có hiệu lực từ ngày 15/0/2026.","Nghị định 341/2025/NĐ-CP quy định xử phạt vi phạm hành chính về quyền tác giả, quyền liên quan với mức phạt tiền tối đa là 250 triệu đồng (cá nhân) và 500 triệu đồng (tổ chức); quy định cụ thể 35 hành vi xâm phạm và các hình thức phạt bổ sung như tước quyền sử dụng thẻ giám định viên/giấy chứng nhận giám định từ 1-3 tháng; nghị định có hiệu lực từ ngày 15/01/2026 (hoặc ngày 15 tháng 0 theo văn bản gốc).","Nghị định số 341/2025/NĐ-CP quy định xử phạt vi phạm hành chính về quyền tác giả và quyền liên quan, chi tiết 35 hành vi xâm phạm, mức phạt tối đa 250 triệu đồng đối với cá nhân, 500 triệu đồng đối với tổ chức, cùng các hình thức phạt bổ sung như tước quyền sử dụng thẻ giám định viên/giấy chứng nhận giám định 1-3 tháng, có hiệu lực từ ngày 15/01/2026.","Decree No. 341/2025/ND-CP regulates administrative sanctions for copyright and related rights violations, detailing 35 infringing acts, with maximum fines of 250 million VND for individuals and 500 million VND for organizations, including supplementary penalties such as suspension of expert cards/certificates for 1-3 months, effective from January 15, 2026."
https://www.youtube.com/watch?v=l95Jk2muNI4,"Nghị định số 340/2025/NĐ-CP của Chính phủ quy định xử phạt vi phạm hành chính trong lĩnh vực tiền tệ và ngân hàng, bao gồm các mức phạt đối với hành vi mua bán ngoại tệ, mang theo vàng khi xuất nhập cảnh, và sử dụng vàng làm phương tiện thanh toán. Nghị định nhấn mạnh việc thực hiện giao dịch qua các tổ chức được phép và khai báo đầy đủ tại cửa khẩu. Văn bản có hiệu lực từ ngày 9/5/2026.","Nghị định 340/2025/NĐ-CP (hiệu lực từ 09/05/2026) quy định xử phạt vi phạm tiền tệ và ngân hàng: phạt cảnh cáo đến 100 triệu đồng đối với mua bán ngoại tệ trái phép tùy giá trị; phạt 80-100 triệu đồng khi mang vàng xuất nhập cảnh sai quy định; phạt đến 20 triệu đồng nếu dùng vàng làm phương tiện thanh toán hoặc không thanh toán qua tài khoản khi mua bán vàng. Kiều bào được khuyến nghị khai báo trung thực tại cửa khẩu và thực hiện giao dịch qua các ngân hàng, tổ chức hợp pháp.","Nghị định số 340/2025/NĐ-CP (hiệu lực từ 09/05/2026) quy định xử phạt vi phạm hành chính trong lĩnh vực tiền tệ và ngân hàng, bao gồm mua bán ngoại tệ trái phép, mang vàng xuất nhập cảnh sai quy định, sử dụng vàng làm phương tiện thanh toán và không thanh toán qua tài khoản khi mua bán vàng; khuyến nghị kiều bào khai báo trung thực tại cửa khẩu và thực hiện giao dịch qua ngân hàng, tổ chức hợp pháp.","Decree No. 340/2025/ND-CP (effective from May 9, 2026) stipulates administrative penalties in the monetary and banking sector, covering illegal foreign currency trading, improper import/export of gold, use of gold as a payment method, and failure to settle gold transactions via accounts; overseas Vietnamese are advised to declare accurately at border checkpoints and conduct transactions through legal banks and organizations."
https://www.youtube.com/watch?v=qg4WMLhUIoo,"Nghị định số 339 quy định chính sách hỗ trợ tiền ăn trưa và gạo cho học sinh vùng biên giới, nhằm đảm bảo dinh dưỡng, tạo điều kiện học tập và giảm gánh nặng cho gia đình. Nhà trường có kế hoạch tổ chức bán trú và phối hợp với chính quyền địa phương để triển khai hiệu quả chính sách.","Nghị định 339 đã có hiệu lực quy định chính sách hỗ trợ học sinh vùng biên giới (đặc biệt là học sinh tiểu học và trung học cơ sở) với mức 450.000 đồng tiền ăn trưa và 8kg gạo mỗi tháng; chính sách này nhằm đảm bảo dinh dưỡng, giảm gánh nặng gia đình, hạn chế tình trạng bỏ học và tạo tiền đề để các trường vùng khó khăn (như trường Thanh Thủy) sớm tổ chức học bán trú, nâng cao chất lượng giáo dục.","Nghị định số 339 quy định chính sách hỗ trợ học sinh vùng biên giới, đặc biệt là học sinh tiểu học và trung học cơ sở, với mức 450.000 đồng tiền ăn trưa và 8kg gạo mỗi tháng, nhằm đảm bảo dinh dưỡng, giảm gánh nặng gia đình, hạn chế bỏ học và tạo điều kiện để các trường tổ chức học bán trú, phối hợp với chính quyền địa phương triển khai hiệu quả.","Decree No. 339 stipulates a support policy for students in border areas, especially primary and lower secondary students, providing 450,000 VND for lunch and 8kg of rice per month, aimed at ensuring nutrition, reducing family burdens, preventing school dropout, and enabling schools to implement boarding programs in coordination with local authorities effectively."
https://www.youtube.com/watch?v=lvJWLEULhM0,"Nghị định mới của Chính phủ ban hành chính sách hỗ trợ việc làm, bao gồm hỗ trợ vốn cho doanh nghiệp và cá nhân, nâng cao kỹ năng nghề, và tạo cơ hội làm việc ở nước ngoài. Văn bản hướng dẫn quy trình nộp hồ sơ, xét duyệt và giải ngân thông qua các cơ quan chức năng từ Trung ương đến địa phương, nhằm thúc đẩy việc làm và phát triển kinh tế.","Nghị định mới về chính sách hỗ trợ việc làm có hiệu lực từ ngày 01/05/2026, tập trung vào ba trụ cột: hỗ trợ vốn vay (tối đa 10 tỷ đồng cho doanh nghiệp, 200 triệu đồng cho cá nhân), nâng cao kỹ năng nghề (hỗ trợ học phí, sinh hoạt phí, đi lại) và hỗ trợ làm việc ở nước ngoài (cho vay tới 100% chi phí). Quy trình gồm 4 bước với thời gian xét duyệt từ 7-10 ngày làm việc, được phối hợp thực hiện bởi Bộ Lao động, Bộ Tài chính, Ngân hàng Chính sách xã hội và chính quyền địa phương.","Nghị định mới có hiệu lực từ ngày 01/05/2026, quy định chính sách hỗ trợ việc làm gồm hỗ trợ vốn vay (tối đa 10 tỷ đồng cho doanh nghiệp, 200 triệu đồng cho cá nhân), nâng cao kỹ năng nghề (hỗ trợ học phí, sinh hoạt phí, đi lại) và hỗ trợ làm việc ở nước ngoài (cho vay tới 100% chi phí), cùng hướng dẫn quy trình nộp hồ sơ, xét duyệt trong 7-10 ngày, thực hiện bởi Bộ Lao động, Bộ Tài chính, Ngân hàng Chính sách xã hội và chính quyền địa phương.","The new decree, effective from May 1, 2026, establishes employment support policies including loans (up to 10 billion VND for enterprises, 200 million VND for individuals), vocational skill enhancement (covering tuition, living, and travel costs), and overseas employment support (up to 100% financing), with application and approval procedures within 7–10 days, implemented by the Ministry of Labor, Ministry of Finance, Social Policy Bank, and local authorities."
https://www.youtube.com/watch?v=VE333Vyb_go,"Nghị định 337/2025/NĐ-CP quy định về hợp đồng lao động điện tử, bao gồm khái niệm, nền tảng, điều kiện giao kết, xác thực, chuyển đổi hình thức, sửa đổi, tạm hoãn, chấm dứt hợp đồng, quyền và trách nhiệm của người lao động, người sử dụng lao động và nhà cung cấp dịch vụ. Nghị định có hiệu lực từ ngày 01/05/2026 và yêu cầu các bên thực hiện đúng các quy định về pháp luật lao động và giao dịch điện tử.","Nghị định 337/2025/NĐ-CP ban hành ngày 24/12/2025 quy định về hợp đồng lao động điện tử (HĐLĐĐT), có hiệu lực từ 01/05/2026. Văn bản xác lập các khái niệm then chốt (nền tảng HĐLĐĐT do Bộ Nội vụ quản lý, hệ thống E-contract, mã định danh ID); quy định điều kiện kỹ thuật cho nhà cung cấp dịch vụ; quy trình giao kết, chứng thực, chuyển đổi giữa văn bản giấy và điện tử, cũng như sửa đổi/chấm dứt HĐLĐĐT. Đồng thời, Nghị định chi tiết hóa quyền, trách nhiệm của người lao động, người sử dụng lao động và nhà cung cấp E-contract trong việc bảo mật, lưu trữ và báo cáo dữ liệu lao động.","Nghị định 337/2025/NĐ-CP, có hiệu lực từ ngày 01/05/2026, quy định về hợp đồng lao động điện tử, bao gồm khái niệm, nền tảng, điều kiện giao kết, chứng thực, chuyển đổi giữa giấy và điện tử, sửa đổi, tạm hoãn, chấm dứt hợp đồng, cũng như quyền, trách nhiệm của người lao động, người sử dụng lao động và nhà cung cấp dịch vụ, đồng thời yêu cầu thực hiện đúng pháp luật lao động và giao dịch điện tử.","Decree 337/2025/ND-CP, effective from May 1, 2026, regulates electronic labor contracts, covering definitions, platforms, conclusion conditions, authentication, conversion between paper and electronic forms, amendment, suspension, termination, as well as the rights and responsibilities of employees, employers, and service providers, while requiring compliance with labor law and electronic transaction regulations."
https://youtu.be/ddooOrRH3Pw?si=0VC8z0SDy8_sLfPB,"Thông tư 27/2025/TT-NHNN của Ngân hàng Nhà nước Việt Nam quy định các điểm mới về phòng chống rửa tiền, bao gồm: báo cáo giao dịch từ 500 triệu đồng trở lên, khai báo hải quan với đá quý từ 400 triệu đồng, yêu cầu người quản lý cấp cao phê duyệt quy trình quản lý rủi ro, kéo dài thực hiện quản lý rủi ro hiện hành đến 31/12/2025, kiểm soát chặt giao dịch vãng lai lớn, ưu tiên báo cáo giao dịch đáng ngờ bằng dữ liệu điện tử. Các đối tượng báo cáo phải tuân thủ từ ngày 01/11/2025.",Thông tư 27/2025/TT-NHNN (hiệu lực từ 01/11/2025) siết chặt quy định phòng chống rửa tiền với 06 điểm mới: (1) Báo cáo Cục Phòng chống rửa tiền giao dịch điện tử từ 500 triệu đồng (nội địa) và từ 1.000 USD (quốc tế); (2) Khai báo hải quan khi mang đá quý/kim khí quý từ 400 triệu đồng xuất nhập cảnh; (3) Quy trình quản lý rủi ro phải được quản lý cấp cao phê duyệt; (4) Lộ trình cập nhật quy định nội bộ hoàn thành trước 01/05/2026; (5) Nhận biết khách hàng với giao dịch vãng lai hoặc tài khoản không hoạt động 6 tháng có trị giá từ 400 triệu đồng/ngày; (6) Ưu tiên báo cáo giao dịch đáng ngờ qua dữ liệu điện tử.,"Thông tư 27/2025/TT-NHNN của Ngân hàng Nhà nước Việt Nam, có hiệu lực từ 01/11/2025, quy định 06 điểm mới về phòng chống rửa tiền: báo cáo giao dịch nội địa từ 500 triệu đồng và quốc tế từ 1.000 USD; khai báo hải quan khi mang đá quý/kim khí quý từ 400 triệu đồng; quy trình quản lý rủi ro phải được cấp cao phê duyệt; kéo dài thực hiện quản lý rủi ro hiện hành đến 31/12/2025 và hoàn tất cập nhật nội bộ trước 01/05/2026; kiểm soát giao dịch vãng lai hoặc tài khoản không hoạt động 6 tháng từ 400 triệu đồng/ngày; ưu tiên báo cáo giao dịch đáng ngờ bằng dữ liệu điện tử.","Circular 27/2025/TT-NHNN issued by the State Bank of Vietnam, effective from November 1, 2025, introduces six new anti-money laundering measures: reporting domestic transactions from VND 500 million and international transactions from USD 1,000; customs declaration for carrying gems/precious metals from VND 400 million; risk management procedures approved by senior management; continuation of current risk management until December 31, 2025, with internal updates completed by May 1, 2026; monitoring of large casual transactions or inactive accounts over 6 months exceeding VND 400 million/day; and prioritizing suspicious transaction reporting via electronic data."
https://youtu.be/Ru4Vir6XRbs?si=8tYZa1UdcofJlk85,"Nghị định 254/2025/NĐ-CP của Chính phủ quy định các điểm mới về quản lý, thanh toán, quyết toán dự án vốn đầu tư công, bao gồm rút ngắn thời gian thanh toán khối lượng hoàn thành, bỏ hình thức thanh toán trước kiểm soát sau, rút ngắn thời gian nộp báo cáo quyết toán theo niên độ, quy định chi tiết hồ sơ thanh toán và rút vốn tạm ứng. Các cơ quan liên quan phải thực hiện theo thời hạn và quy định mới từ năm 2025.","Nghị định 254/2025/NĐ-CP (hiệu lực từ 26/05/2025) quy định 04 điểm mới về dự án đầu tư công: (1) Rút ngắn thời gian thanh toán khối lượng hoàn thành còn 02 ngày làm việc và giải ngân tạm ứng còn 01 ngày làm việc; (2) Bỏ hình thức ""thanh toán trước, kiểm soát sau""; (3) Rút ngắn thời hạn nộp báo cáo quyết toán niên độ (Bộ/Cơ quan Trung ương gửi Bộ Tài chính trước 01/05, cơ quan thanh toán Trung ương gửi trước 01/06 năm sau); (4) Đơn giản hóa hồ sơ thanh toán bằng cách bỏ chứng từ chuyển tiền và bảng xác định khối lượng phát sinh ngoài hợp đồng, chỉ yêu cầu Giấy đề nghị thanh toán, Giấy rút vốn, Giấy thu hồi tạm ứng và Bảng xác định giá trị khối lượng hoàn thành.","Nghị định 254/2025/NĐ-CP, có hiệu lực từ 26/05/2025, quy định các điểm mới về quản lý và thanh toán dự án đầu tư công: rút ngắn thời gian thanh toán khối lượng hoàn thành còn 2 ngày làm việc và giải ngân tạm ứng còn 1 ngày làm việc, bỏ hình thức ""thanh toán trước, kiểm soát sau"", rút ngắn thời hạn nộp báo cáo quyết toán niên độ, và đơn giản hóa hồ sơ thanh toán chỉ gồm Giấy đề nghị thanh toán, Giấy rút vốn, Giấy thu hồi tạm ứng và Bảng xác định giá trị khối lượng hoàn thành; các cơ quan liên quan thực hiện theo quy định từ năm 2025.","Decree 254/2025/ND-CP, effective from May 26, 2025, stipulates new measures for the management and payment of public investment projects: reducing the payment time for completed work to 2 working days and advance disbursement to 1 working day, eliminating the ""pay first, control later"" method, shortening the deadline for annual settlement reports, and simplifying payment documents to include only the Payment Request, Capital Withdrawal Form, Advance Recovery Form, and Completion Value Determination Sheet; relevant agencies must comply with these regulations from 2025."
https://www.youtube.com/watch?v=4MH16s3HhWY,"Nghị định 293/2025/NĐ-CP của Chính phủ quy định tăng mức lương tối thiểu vùng từ ngày 01/01/2026 cho toàn bộ người lao động làm việc theo hợp đồng lao động. Mức lương tối thiểu tháng và giờ được áp dụng theo vùng và hình thức trả lương. Doanh nghiệp không được trả lương thấp hơn mức tối thiểu vùng, nếu vi phạm sẽ bị xử phạt tiền và buộc trả đủ lương thiếu cùng lãi suất theo quy định.","Nghị định 293/2025/NĐ-CP có hiệu lực từ 01/01/2026 quy định tăng lương tối thiểu vùng trung bình 7,2% cho người lao động theo hợp đồng. Mức lương tháng theo 4 vùng lần lượt là: 5.310.000đ, 4.730.000đ, 4.140.000đ, 3.700.000đ; mức lương giờ tương ứng là: 25.500đ, 22.700đ, 20.000đ, 17.800đ. Doanh nghiệp trả lương thấp hơn quy định sẽ bị phạt tiền từ 40-150 triệu đồng (đối với tổ chức), đồng thời buộc trả đủ phần lương thiếu kèm lãi suất tiền gửi không kỳ hạn cao nhất của các ngân hàng thương mại nhà nước.","Nghị định 293/2025/NĐ-CP có hiệu lực từ 01/01/2026, tăng lương tối thiểu vùng trung bình 7,2% cho người lao động theo hợp đồng, áp dụng theo 4 vùng với mức lương tháng lần lượt là 5.310.000đ, 4.730.000đ, 4.140.000đ, 3.700.000đ và mức lương giờ tương ứng; doanh nghiệp không được trả thấp hơn mức này, nếu vi phạm sẽ bị phạt tiền từ 40-150 triệu đồng và buộc trả đủ lương thiếu cùng lãi suất theo quy định.","Decree 293/2025/ND-CP, effective from January 1, 2026, increases the regional minimum wage by an average of 7.2% for contract workers, applied across four regions with monthly wages of 5,310,000 VND, 4,730,000 VND, 4,140,000 VND, 3,700,000 VND and corresponding hourly rates; enterprises must not pay below these levels, with violations subject to fines of 40-150 million VND and mandatory payment of owed wages with interest as prescribed."
https://www.youtube.com/watch?v=heGh_VsgYXU,"Nghị định 226/2025/NĐ-CP của Chính phủ quy định 8 điểm mới về quản lý đất đai, bao gồm: Hội đồng nhân dân tỉnh quyết định tăng giảm giá đất theo thực tế; bổ sung bồi thường cây trồng, vật nuôi; bãi bỏ khung giá đất theo Nghị định 96/2019; sửa đổi phương pháp định giá đất; giao UBND cấp xã xây dựng bảng giá đất; xác định giá đất công cộng theo đất thương mại; điều chỉnh mức giá đất nông nghiệp trong cùng thửa có nhà ở; Chủ tịch UBND cấp xã phê duyệt phương án đấu giá quyền sử dụng đất.","Nghị định 226/2025/NĐ-CP (hiệu lực từ 15/08/2025) quy định 08 điểm mới về đất đai: (1) HĐND tỉnh quyết định tăng/giảm giá đất theo thực tế và bổ sung tiêu chí xác định vị trí đất; (2) Bổ sung quy định bồi thường thiệt hại thực tế cho cây trồng, vật nuôi; (3) Chính thức bãi bỏ khung giá đất của Nghị định 96/2019; (4) Sửa đổi 04 phương pháp định giá đất (so sánh, thu nhập, thặng dư, hệ số điều chỉnh); (5) Giao UBND cấp xã thực hiện xây dựng bảng giá đất thay cho cấp huyện; (6) Cho phép xác định giá đất công cộng, công trình sự nghiệp theo giá đất thương mại hoặc đất sản xuất phi nông nghiệp lân cận; (7) Bổ sung đất nông nghiệp trong cùng thửa đất có nhà ở vào nhóm có thể tăng/giảm giá; (8) Giao Chủ tịch UBND cấp xã phê duyệt phương án đấu giá quyền sử dụng đất.","Nghị định 226/2025/NĐ-CP (hiệu lực từ 15/08/2025) quy định 8 điểm mới về quản lý đất đai, bao gồm: HĐND tỉnh quyết định tăng/giảm giá đất theo thực tế và tiêu chí vị trí; bồi thường thiệt hại cây trồng, vật nuôi; bãi bỏ khung giá đất Nghị định 96/2019; sửa đổi 4 phương pháp định giá đất; UBND cấp xã xây dựng bảng giá đất; xác định giá đất công cộng theo đất thương mại hoặc đất sản xuất phi nông nghiệp; điều chỉnh giá đất nông nghiệp trong cùng thửa có nhà ở; Chủ tịch UBND cấp xã phê duyệt phương án đấu giá quyền sử dụng đất.","Decree 226/2025/ND-CP (effective from August 15, 2025) stipulates 8 new points on land management, including: provincial People's Councils deciding land price adjustments based on reality and location criteria; compensation for crops and livestock losses; abolition of the land price framework under Decree 96/2019; revision of four land valuation methods; commune-level People's Committees preparing land price tables; determining public land prices based on commercial or non-agricultural production land; adjusting agricultural land prices within plots with houses; and the commune-level People's Committee Chairman approving land use rights auction plans."
https://www.youtube.com/watch?v=9Es3GDWxxG8,"Nghị định 188/2025/NĐ-CP quy định chi tiết và hướng dẫn thi hành một số điều của Luật Bảo hiểm y tế, bao gồm thanh toán trực tiếp chi phí thuốc, thiết bị y tế, quyền lợi cho người chưa có thẻ, cơ sở giáo dục và doanh nghiệp hỗ trợ sức khỏe ban đầu, và áp dụng chế độ có lợi hơn trong thời gian chuyển tiếp. Văn bản yêu cầu cơ sở khám chữa bệnh và cơ quan bảo hiểm xã hội thực hiện đúng quy định để đảm bảo quyền lợi cho người tham gia bảo hiểm y tế.","Nghị định 188/2025/NĐ-CP (hiệu lực từ 01/01/2025) bổ sung 05 chính sách mới về BHYT: (1) Cho phép thanh toán trực tiếp khi người bệnh tự mua thuốc hiếm hoặc thiết bị y tế loại C, D do cơ sở điều trị thiếu; (2) Mở rộng các trường hợp được thanh toán dù chưa có/chưa xuất trình thẻ (trẻ dưới 6 tuổi, người chờ đổi thẻ, mất ý thức, tử vong); (3) Hỗ trợ kinh phí chăm sóc sức khỏe ban đầu cho các cơ sở giáo dục, doanh nghiệp đủ điều kiện; (4) Đảm bảo quyền lợi BHYT cho đối tượng được ngân sách đóng/hỗ trợ khi có sáp nhập địa phương; (5) Áp dụng quy định có lợi nhất cho người bệnh trong giai đoạn chuyển tiếp (nhập viện trước và ra viện sau ngày 15/08/2025).","Nghị định 188/2025/NĐ-CP (có hiệu lực từ 01/01/2025) quy định chi tiết và hướng dẫn thi hành Luật Bảo hiểm y tế, bao gồm thanh toán trực tiếp chi phí thuốc, thiết bị y tế, mở rộng quyền lợi cho người chưa có thẻ, hỗ trợ kinh phí chăm sóc sức khỏe ban đầu cho cơ sở giáo dục và doanh nghiệp, bảo đảm quyền lợi trong sáp nhập địa phương và áp dụng chế độ có lợi hơn trong giai đoạn chuyển tiếp.","Decree 188/2025/ND-CP (effective from January 1, 2025) provides detailed guidance on the implementation of the Health Insurance Law, including direct payment for medicines and medical devices, extending benefits to those without insurance cards, supporting primary healthcare funding for educational institutions and enterprises, ensuring rights during local mergers, and applying the most favorable provisions during the transition period."
https://www.youtube.com/watch?v=XUOwxQVUf-A,"Nghị định 238/2025 quy định chính sách học phí, miễn giảm, hỗ trợ học phí và chi phí học tập trong các cơ sở giáo dục công lập và tư thục tại Việt Nam từ năm học 2025–2026, nêu rõ mức trần học phí, các trường hợp được miễn và giảm học phí, đồng thời xác định đối tượng được hỗ trợ học phí.","Nghị định 238/2025/NĐ-CP quy định khung học phí mới từ năm học 2025-2026, trong đó mức trần học phí mầm non và phổ thông công lập dao động từ 50.000đ đến 650.000đ/tháng tùy cấp học và vùng; từ năm học 2026-2027 mức tăng không quá 7,5%/năm. Văn bản mở rộng lên 14 trường hợp miễn học phí (bao gồm toàn bộ học sinh phổ thông công lập và chuyên ngành y tế đặc thù), quy định mức giảm 70% học phí cho ngành nghệ thuật truyền thống, nghề độc hại và giảm 50% cho con của người bị tai nạn lao động/bệnh nghề nghiệp. Ngoài ra, Nghị định còn xác định đối tượng hỗ trợ học phí tại các cơ sở giáo dục dân lập, tư thục và các chuyên ngành y khoa đặc thù tại cơ sở tư thục.","Nghị định 238/2025/NĐ-CP quy định chính sách học phí, miễn giảm và hỗ trợ học phí tại các cơ sở giáo dục công lập và tư thục từ năm học 2025–2026, bao gồm mức trần học phí, 14 trường hợp miễn học phí, mức giảm 50–70% cho ngành nghề đặc thù và xác định đối tượng được hỗ trợ tại cơ sở dân lập, tư thục và các chuyên ngành y khoa đặc thù; từ năm học 2026–2027, mức học phí công lập tăng không quá 7,5%/năm.","Decree 238/2025/ND-CP stipulates tuition fees, exemptions, reductions, and support policies for public and private educational institutions from the 2025–2026 school year, including fee caps, 14 exemption cases, 50–70% reductions for specific fields, and identifies beneficiaries in private and specialized medical sectors; from the 2026–2027 school year, public tuition fees will not increase by more than 7.5% per year."
https://www.youtube.com/watch?v=7yGfMS6Zx_c,"Nghị định 168/2025 quy định 10 mức phạt hành chính đối với người điều khiển xe máy tại Việt Nam từ ngày 01/01/2025, chi tiết các lỗi vi phạm và mức phạt tương ứng từ 200.000 đến 14.000.000 đồng nhằm nâng cao ý thức chấp hành luật giao thông và an toàn đường bộ.","Nghị định 168/2025/NĐ-CP (hiệu lực từ 01/01/2025) quy định 10 mức phạt hành chính đối với xe máy để tăng cường an toàn giao thông: các mức phạt thấp nhất từ 200.000 - 400.000đ cho lỗi không chấp hành biển báo, vạch kẻ đường; 400.000 - 600.000đ cho lỗi quá tốc độ dưới 10km/h hoặc không đội mũ bảo hiểm; 2 - 3 triệu đồng cho nồng độ cồn mức thấp nhất; 4 - 6 triệu đồng khi đi ngược chiều, vượt đèn đỏ; và mức cao nhất từ 10 - 14 triệu đồng đối với các hành vi vi phạm (quá tốc độ, đi sai làn, ngược chiều...) gây tai nạn giao thông. Các mức phạt về nồng độ cồn, ma túy và lạng lách đánh võng cũng được quy định nghiêm khắc từ 6 - 10 triệu đồng.","Nghị định 168/2025/NĐ-CP (có hiệu lực từ 01/01/2025) quy định 10 mức phạt hành chính đối với người điều khiển xe máy, với mức thấp nhất 200.000 - 400.000 đồng cho các lỗi cơ bản và mức cao nhất 10 - 14 triệu đồng cho các vi phạm nghiêm trọng gây tai nạn, bao gồm lỗi liên quan tốc độ, đi sai làn, ngược chiều, nồng độ cồn, ma túy và lạng lách đánh võng, nhằm nâng cao ý thức chấp hành luật giao thông và an toàn đường bộ.","Decree 168/2025/ND-CP (effective from January 1, 2025) stipulates 10 administrative fine levels for motorcycle riders, ranging from 200,000–400,000 VND for minor violations to 10–14 million VND for serious offenses causing accidents, including speed violations, wrong-lane driving, riding against traffic, alcohol and drug use, and reckless maneuvers, aiming to enhance traffic law compliance and road safety."
https://www.youtube.com/watch?v=ncaesOLUN7k,"Nghị định 67/2025 quy định chính sách hưu trí và nghỉ hưu trước tuổi đối với cán bộ, công chức, viên chức, người lao động hưởng lương từ ngân sách nhà nước và lực lượng vũ trang, bao gồm các trường hợp sắp xếp tổ chức bộ máy, tinh giản biên chế, hoặc điều kiện công tác đặc biệt. Văn bản hướng dẫn cách tính trợ cấp, lương hưu và các điều kiện hưởng chính sách nghỉ hưu trước tuổi.","Nghị định 67/2025/NĐ-CP quy định chính sách nghỉ hưu trước tuổi khi sắp xếp tổ chức bộ máy, áp dụng cho 04 nhóm đối tượng chính bao gồm cán bộ, công chức, viên chức, lực lượng vũ trang và người làm việc tại các hội được giao nhiệm vụ. Chính sách tập trung vào các trường hợp: chịu tác động trực tiếp do sắp xếp bộ máy; tinh giản biên chế để cơ cấu lại đội ngũ; cán bộ không đủ tuổi tái cử/tái bổ nhiệm. Người nghỉ hưu trước tuổi được hưởng các quyền lợi: không bị trừ tỷ lệ lương hưu; được trợ cấp 05 tháng lương cho 20 năm đầu đóng BHXH và 0,5 tháng cho mỗi năm tiếp theo; trợ cấp thêm từ 03 đến 05 tháng lương cho mỗi năm nghỉ hưu sớm tùy theo độ tuổi và điều kiện làm việc (nặng nhọc, độc hại hoặc vùng đặc biệt khó khăn).","Nghị định 67/2025/NĐ-CP quy định chính sách nghỉ hưu và nghỉ hưu trước tuổi đối với cán bộ, công chức, viên chức, lực lượng vũ trang và người lao động hưởng lương từ ngân sách nhà nước, áp dụng trong các trường hợp sắp xếp bộ máy, tinh giản biên chế, hoặc điều kiện công tác đặc biệt. Người nghỉ hưu trước tuổi được hưởng lương hưu không bị trừ, trợ cấp theo số năm đóng BHXH và trợ cấp bổ sung tùy theo độ tuổi và điều kiện công tác.","Decree 67/2025/ND-CP regulates retirement and early retirement policies for officials, civil servants, public employees, armed forces, and state-funded workers in cases of organizational restructuring, staff downsizing, or special working conditions. Early retirees are entitled to full pension, social insurance-based allowances, and additional compensation depending on age and working conditions."
https://www.youtube.com/watch?v=SWlfxzoxvGk,"Nghị định 73/2022 quy định về chế độ tiền thưởng cho cán bộ, công chức, viên chức, người lao động trong cơ quan, đơn vị, bao gồm tiền thưởng theo thành tích công tác đột xuất và kết quả đánh giá. Văn bản hướng dẫn xây dựng quy chế tiền thưởng, xác định mức thưởng, quy trình xét thưởng và quản lý quỹ tiền thưởng hàng năm bằng 10% tổng quỹ lương của đơn vị.","Điều 4 Nghị định 73/2024/NĐ-CP quy định chế độ tiền thưởng trên cơ sở thành tích đột xuất và kết quả đánh giá, xếp loại mức độ hoàn thành nhiệm vụ hằng năm. Người đứng đầu cơ quan, đơn vị có trách nhiệm xây dựng quy chế tiền thưởng cụ thể gồm: phạm vi, đối tượng, tiêu chí thưởng, mức thưởng, quy trình và các quy định khác. Quỹ tiền thưởng hằng năm nằm ngoài quỹ khen thưởng của Luật Thi đua, khen thưởng, được xác định bằng 10% tổng quỹ tiền lương (không bao gồm phụ cấp) của các đối tượng trong danh sách trả lương; nếu không sử dụng hết trong năm thì không được chuyển nguồn sang năm sau.","Nghị định 73/2024/NĐ-CP quy định chế độ tiền thưởng cho cán bộ, công chức, viên chức, người lao động dựa trên thành tích đột xuất và kết quả đánh giá, hướng dẫn xây dựng quy chế tiền thưởng, xác định phạm vi, đối tượng, tiêu chí, mức thưởng, quy trình xét thưởng và quản lý quỹ tiền thưởng hàng năm bằng 10% tổng quỹ lương của đơn vị, không được chuyển sang năm sau nếu còn dư.","Decree 73/2024/ND-CP stipulates the bonus regime for officials, public employees, and workers based on exceptional achievements and performance evaluations, providing guidance on establishing bonus regulations, defining scope, subjects, criteria, bonus amounts, award procedures, and managing the annual bonus fund at 10% of the unit's total salary fund, with unused funds not transferable to the following year."
https://www.youtube.com/watch?v=qpnBydRpvlU,"Thông tư 99/2025 của Bộ Tài chính sửa đổi, bổ sung chế độ kế toán doanh nghiệp, quy định việc xác định đơn vị tiền tệ, phân loại tài sản và nợ phải trả ngắn hạn, sửa đổi, bổ sung tên và nội dung các tài khoản kế toán, đồng thời yêu cầu doanh nghiệp ban hành quy chế hạch toán kế toán để thực hiện. Văn bản nhấn mạnh trách nhiệm pháp lý của doanh nghiệp khi lựa chọn đơn vị tiền tệ và thực hiện các sửa đổi.","Thông tư 99/2025/TT-BTC thay thế Thông tư 200/2014/TT-BTC về chế độ kế toán doanh nghiệp với 5 điểm mới: (1) Quy định cụ thể căn cứ xác định đơn vị tiền tệ bằng ngoại tệ và bỏ thủ tục thông báo cho cơ quan thuế; (2) Doanh nghiệp được tự ban hành quy chế hạch toán khi sửa đổi, bổ sung tài khoản kế toán thay vì phải xin phép Bộ Tài chính; (3) Quy định chi tiết các trường hợp phân loại tài sản và nợ phải trả ngắn hạn dựa trên chu kỳ kinh doanh hoặc thời hạn 12 tháng; (4) Điều chỉnh hệ thống tài khoản (bổ sung TK 215, TK 332; đổi tên TK 112, TK 155, TK 158); (5) Bổ sung tài khoản chi tiết 82112 phản ánh chi phí thuế thu nhập doanh nghiệp theo quy định về thuế tối thiểu toàn cầu.","Thông tư 99/2025/TT-BTC của Bộ Tài chính sửa đổi, bổ sung chế độ kế toán doanh nghiệp, quy định xác định đơn vị tiền tệ, phân loại tài sản và nợ phải trả ngắn hạn, điều chỉnh hệ thống tài khoản kế toán (bổ sung TK 215, TK 332; đổi tên TK 112, TK 155, TK 158; bổ sung TK 82112), đồng thời cho phép doanh nghiệp tự ban hành quy chế hạch toán kế toán và nhấn mạnh trách nhiệm pháp lý khi thực hiện các sửa đổi.","Circular No. 99/2025/TT-BTC issued by the Ministry of Finance amends and supplements the enterprise accounting regime, regulating the determination of currency units, classification of assets and short-term liabilities, adjusting the accounting account system (adding accounts 215, 332; renaming accounts 112, 155, 158; adding account 82112), while allowing enterprises to issue their own accounting regulations and emphasizing their legal responsibility in implementing these changes."
https://www.youtube.com/watch?v=KM1UZzRtagY,"Thông tư 20/2026 của Bộ Tài chính quy định chi tiết các loại giấy tờ, chứng từ để chi phí được công nhận, xác định thời điểm doanh thu tính thuế, nghĩa vụ thuế doanh nghiệp nước ngoài, quản lý vốn đầu tư mở rộng và quỹ khoa học công nghệ. Văn bản bổ sung và cập nhật các quy định về thuế thu nhập doanh nghiệp so với thông tư 78/2014, áp dụng từ kỳ tính thuế năm 2025.","Thông tư 20/2026/TT-BTC cập nhật 04 nội dung trọng tâm về thuế TNDN (thay thế/bổ sung Thông tư 78/2014): (1) Quy định chặt chẽ hồ sơ chi phí được trừ đối với chi đào tạo, tài trợ, giảm phát thải khí nhà kính và các khoản ủy quyền người lao động thanh toán không dùng tiền mặt từ 5 triệu đồng; (2) Xác định thời điểm tính doanh thu cho hàng xuất khẩu, vận tải hàng không, xây lắp và cung cấp điện nước; (3) Làm rõ nghĩa vụ thuế của doanh nghiệp nước ngoài trong thương mại điện tử, nền tảng số và giao dịch tái cơ cấu nội bộ tập đoàn; (4) Bổ sung quy định quản lý đăng ký vốn đầu tư mở rộng và xử lý tài sản hình thành từ Quỹ khoa học và công nghệ khi chuyển sang sản xuất kinh doanh, áp dụng từ kỳ tính thuế năm 2025.","Thông tư 20/2026/TT-BTC của Bộ Tài chính cập nhật, bổ sung Thông tư 78/2014 về thuế thu nhập doanh nghiệp, hướng dẫn chi tiết hồ sơ chi phí được trừ, xác định thời điểm doanh thu tính thuế, nghĩa vụ thuế doanh nghiệp nước ngoài trong thương mại điện tử và giao dịch nội bộ, quản lý vốn đầu tư mở rộng và Quỹ khoa học công nghệ, áp dụng từ kỳ tính thuế năm 2025.","Circular 20/2026/TT-BTC issued by the Ministry of Finance updates and supplements Circular 78/2014 on corporate income tax, providing detailed guidance on deductible expense documentation, revenue recognition timing, foreign enterprise tax obligations in e-commerce and internal transactions, management of expanded investment capital, and the Science and Technology Fund, effective from the 2025 tax period."
https://www.youtube.com/watch?v=Lr5kO4Vk2mc,"Thông tư 19/2025 của Bộ Giáo dục và Đào tạo quy định bốn điểm mới về khen thưởng và kỷ luật học sinh, bao gồm bổ sung hình thức khen thưởng thư khen, bãi bỏ hình thức đình chỉ học, phân loại mức độ vi phạm để áp dụng kỷ luật, và bổ sung nguyên tắc kỷ luật tôn trọng, khách quan, không bạo lực, phù hợp đặc điểm từng học sinh.","Thông tư 19/2025/TT-BGDĐT (áp dụng từ 31/10/2025) thay thế quy định cũ với 4 điểm mới: (1) Bổ sung hình thức ""thư khen"", bãi bỏ danh hiệu học sinh khá, giỏi và bảng danh dự; (2) Bỏ hình thức kỷ luật đình chỉ học (đuổi học có thời hạn), chỉ còn nhắc nhở, yêu cầu xin lỗi, phê bình và viết bản tự kiểm điểm; (3) Phân loại vi phạm thành 3 mức độ (tác hại đến bản thân, phạm vi lớp, phạm vi nhà trường) để xem xét kỷ luật; (4) Nghiêm cấm biện pháp kỷ luật mang tính bạo lực, xúc phạm nhân phẩm hoặc ảnh hưởng thể chất, tinh thần học sinh.","Thông tư 19/2025/TT-BGDĐT của Bộ Giáo dục và Đào tạo, có hiệu lực từ 31/10/2025, quy định 4 điểm mới về khen thưởng và kỷ luật học sinh: bổ sung hình thức ""thư khen"" và bãi bỏ danh hiệu học sinh khá, giỏi, bảng danh dự; bãi bỏ hình thức đình chỉ học, chỉ còn nhắc nhở, yêu cầu xin lỗi, phê bình, viết bản tự kiểm điểm; phân loại vi phạm thành 3 mức độ để áp dụng kỷ luật; nghiêm cấm kỷ luật bạo lực, xúc phạm nhân phẩm hoặc ảnh hưởng thể chất, tinh thần học sinh.","Circular 19/2025/TT-BGDĐT issued by the Ministry of Education and Training, effective from October 31, 2025, introduces four updates on student rewards and discipline: adds the ""commendation letter"" form and removes the titles of good/ excellent students and honor rolls; abolishes suspension as discipline, retaining only reminders, apology requests, criticism, and self-assessment reports; classifies violations into three levels for disciplinary consideration; strictly prohibits violent or degrading disciplinary measures affecting students' physical or mental well-being."
https://www.youtube.com/watch?v=DZ4TiXC4FkE,"Nghị định 370/2025/CP của Chính phủ quy định năm điểm mới về tổ chức cơ quan chuyên môn cấp xã, gồm xác định tư cách pháp lý phòng chuyên môn, thay đổi số lượng phó trưởng phòng, quy định trần số lượng phòng, mở rộng chức năng một số phòng, và làm rõ thẩm quyền quyết định tổ chức phòng chuyên môn. Quy định áp dụng từ 01/01/2026.","Nghị định 370/2025/NĐ-CP (áp dụng từ 01/01/2026) sửa đổi Nghị định 150/2025/NĐ-CP với 5 điểm mới: (1) Xác định phòng chuyên môn cấp xã là cơ quan có con dấu và tài khoản riêng; (2) Thay đổi số lượng Phó trưởng phòng theo nguyên tắc bình quân 02 người/phòng thay vì tối đa 01 người; (3) Quy định trần số lượng phòng chuyên môn bình quân tối đa 4,5 tổ chức/xã (riêng Hà Nội và TP.HCM là 4,7); (4) Mở rộng chức năng cho Văn phòng (tiếp dân, khiếu nại, tố cáo, phòng chống tham nhũng) và Phòng Văn hóa - Khoa học - Thông tin (chuyển đổi số, chính quyền số); (5) Quy định UBND cấp xã phải trình HĐND cùng cấp quyết định việc thành lập, tổ chức lại hoặc giải thể các phòng chuyên môn.","Nghị định 370/2025/NĐ-CP, có hiệu lực từ 01/01/2026, quy định 5 điểm mới về tổ chức cơ quan chuyên môn cấp xã: xác định tư cách pháp lý của phòng chuyên môn, thay đổi số lượng Phó trưởng phòng, quy định trần số lượng phòng, mở rộng chức năng một số phòng, và UBND cấp xã phải trình HĐND cùng cấp quyết định thành lập, tổ chức lại hoặc giải thể phòng chuyên môn.","Decree 370/2025/ND-CP, effective from January 1, 2026, stipulates five new points on the organization of commune-level specialized agencies: defining the legal status of specialized offices, adjusting the number of deputy heads, setting the ceiling on the number of offices, expanding the functions of certain offices, and requiring the commune-level People's Committee to submit to the People's Council for decisions on establishing, reorganizing, or dissolving specialized offices."
https://www.youtube.com/watch?v=wX6tqo6kmhE,"Luật Địa chất và Khoáng sản năm 2024 được ban hành nhằm khắc phục bất cập của Luật Khoáng sản 2010, bổ sung quy định về điều tra cơ bản địa chất, phân loại nhóm khoáng sản, công nhận kết quả thăm dò, cơ chế thu hồi khoáng sản, phân cấp mạnh cho địa phương và cải cách thủ tục hành chính. Luật đồng thời quy định minh bạch nghĩa vụ tài chính, đấu giá quyền khai thác, tăng cường giám sát môi trường, khuyến khích khai thác hiệu quả và kinh tế tuần hoàn trong hoạt động khoáng sản.","Luật Địa chất và Khoáng sản năm 2024 bổ sung nhiều điểm mới quan trọng so với Luật Khoáng sản 2010: (1) Lần đầu tiên đưa vào luật phạm trù điều tra cơ bản địa chất và quản lý hoạt động chế biến khoáng sản gắn với dự án khai thác; (2) Phân loại khoáng sản thành 04 nhóm để áp dụng quy trình quản lý phù hợp; (3) Thay đổi từ ""phê duyệt trữ lượng"" sang ""công nhận kết quả thăm dò""; (4) Đẩy mạnh phân cấp phân quyền cho địa phương trong cấp phép, quản lý và thu hồi khoáng sản; (5) Cải cách thủ tục hành chính, cắt giảm 30-80% thời gian thực hiện; (6) Thay đổi phương thức thu tiền cấp quyền khai thác theo sản lượng thực tế hằng năm; (7) Bổ sung quy định về thu hồi khoáng sản và khuyến khích mô hình kinh tế tuần hoàn để khai thác triệt để tài nguyên, bảo vệ môi trường bền vững.","Luật Địa chất và Khoáng sản năm 2024 sửa đổi, bổ sung so với Luật Khoáng sản 2010, bao gồm: điều tra cơ bản địa chất, quản lý chế biến khoáng sản gắn với dự án khai thác, phân loại khoáng sản thành 4 nhóm, công nhận kết quả thăm dò thay cho phê duyệt trữ lượng, phân cấp mạnh cho địa phương trong cấp phép và quản lý, cải cách thủ tục hành chính, thu tiền quyền khai thác theo sản lượng thực tế, quy định về thu hồi khoáng sản, minh bạch nghĩa vụ tài chính, đấu giá quyền khai thác, giám sát môi trường, khuyến khích khai thác hiệu quả và kinh tế tuần hoàn.","The 2024 Geology and Minerals Law revises and supplements the 2010 Minerals Law, including basic geological survey, management of mineral processing linked to mining projects, classification of minerals into four groups, recognition of exploration results instead of approving reserves, strong decentralization to local authorities in licensing and management, administrative procedure reforms, payment for mining rights based on actual production, provisions on mineral recovery, financial transparency, auctioning of mining rights, environmental supervision, and promotion of efficient and circular economy-based mining."
https://www.youtube.com/watch?v=TuFnf4Kijkg,"Nghị định 58/2025/NĐ-CP quy định chi tiết một số điều của Luật Điện lực về phát triển điện năng lượng tái tạo và điện năng lượng mới, ưu tiên dự án có hệ thống lưu trữ điện, đấu nối với hệ thống điện quốc gia, thực hiện vào giờ cao điểm, và hưởng chính sách ưu đãi cho dự án sử dụng 100% hydrogen xanh, amoniac xanh hoặc hỗn hợp.","Nghị định 58/2025/NĐ-CP (có hiệu lực từ 03/03/2025) quy định chi tiết Luật Điện lực về phát triển điện năng lượng tái tạo và điện năng lượng mới: ưu tiên huy động vào giờ cao điểm đối với các dự án điện tái tạo có lắp đặt hệ thống lưu trữ và đấu nối lưới điện quốc gia (trừ loại tự sản tự tiêu); ưu tiên nghiên cứu, sản xuất thiết bị năng lượng; đồng thời quy định điều kiện hưởng ưu đãi cho dự án điện năng lượng mới sản xuất từ 100% hydrogen xanh, 100% amoniak xanh hoặc hỗn hợp của hai loại này, áp dụng cho các dự án cung cấp điện cho hệ thống quốc gia hoặc dự án đầu tiên của từng loại hình.","Nghị định 58/2025/NĐ-CP (có hiệu lực từ 03/03/2025) quy định chi tiết Luật Điện lực về phát triển điện năng lượng tái tạo và điện năng lượng mới, ưu tiên huy động vào giờ cao điểm đối với các dự án có hệ thống lưu trữ và đấu nối lưới điện quốc gia, khuyến khích nghiên cứu, sản xuất thiết bị năng lượng, và quy định điều kiện hưởng ưu đãi cho dự án sử dụng 100% hydrogen xanh, 100% amoniac xanh hoặc hỗn hợp, áp dụng cho các dự án cung cấp điện cho hệ thống quốc gia hoặc dự án đầu tiên của từng loại hình.","Decree 58/2025/ND-CP (effective from March 3, 2025) provides detailed regulations under the Electricity Law on the development of renewable and new energy, prioritizing peak-hour operation for projects with storage systems connected to the national grid, encouraging research and production of energy equipment, and setting conditions for incentives for projects using 100% green hydrogen, 100% green ammonia, or a mixture, applicable to projects supplying the national grid or the first project of each type."
https://www.youtube.com/watch?v=e6OfAqk6CFc,"Nghị định số 59/2025/NĐ-CP quy định tiêu chí, tiêu chuẩn xét thăng quân hàm cấp tướng trước thời hạn, bao gồm sĩ quan có thành tích xuất sắc và đủ điều kiện, được khen thưởng các huân chương nhất định; thời gian thăng trước không quá 24 tháng. Trường hợp đặc biệt do cấp có thẩm quyền quyết định.","Nghị định 59/2025/NĐ-CP quy định tiêu chí xét thăng quân hàm cấp tướng trước thời hạn đối với sĩ quan có đủ tiêu chuẩn thăng vượt bậc nhưng quân hàm hiện tại thấp hơn trần của chức vụ một bậc, hoặc lập thành tích xuất sắc được tặng thưởng các loại Huân chương (Độc lập, Quân công, Lao động, Bảo vệ Tổ quốc, Chiến công - hạng Nhì, Ba) và Huân chương Dũng cảm. Thời gian thăng quân hàm trước thời hạn không quá 24 tháng; các trường hợp đặc biệt khác do cấp có thẩm quyền xem xét quyết định.","Nghị định số 59/2025/NĐ-CP quy định tiêu chí, tiêu chuẩn xét thăng quân hàm cấp tướng trước thời hạn đối với sĩ quan có thành tích xuất sắc, đủ điều kiện, hoặc thăng vượt bậc nhưng quân hàm hiện tại thấp hơn trần của chức vụ, kèm theo việc khen thưởng các huân chương nhất định; thời gian thăng không quá 24 tháng, các trường hợp đặc biệt do cấp có thẩm quyền quyết định.","Decree No. 59/2025/ND-CP stipulates the criteria and standards for early promotion to general rank for officers with outstanding achievements, who meet the conditions, or are promoted beyond their current rank but below the position ceiling, including certain medal awards; the early promotion period shall not exceed 24 months, with special cases decided by the competent authority."
https://www.youtube.com/watch?v=Lx1NJb7MjtM,"Nghị định 625/NĐ-CP sửa đổi, bổ sung một số điều của Nghị định 116/2020/NĐ-CP, quy định việc thu hồi kinh phí hỗ trợ tiền đóng học phí và chi phí sinh hoạt đối với sinh viên sư phạm khi không hoàn thành chương trình đào tạo, chuyển ngành, tự thôi học hoặc vi phạm. Nghị định hướng dẫn cơ quan có thẩm quyền, cơ sở đào tạo và sinh viên thực hiện bồi hoàn, miễn giảm hoặc xóa kinh phí theo quy định và quy định thời hạn tối đa 4 năm.","Nghị định 62/2025/NĐ-CP (có hiệu lực từ 20/04/2025) sửa đổi Điều 9 Nghị định 116/2020/NĐ-CP về thu hồi kinh phí hỗ trợ học phí và sinh hoạt phí của sinh viên sư phạm. Các điểm mới gồm: Quy định chi tiết trách nhiệm thông báo và thu hồi của UBND cấp tỉnh (đối với sinh viên hưởng dự toán) hoặc cơ quan đặt hàng (đối với sinh viên theo đặt hàng); thời hạn bồi hoàn tối đa là 4 năm kể từ khi nhận thông báo; sinh viên chậm nộp phải chịu lãi suất không kỳ hạn. Nghị định bổ sung quy định xóa nợ bồi hoàn cho sinh viên bị suy giảm khả năng lao động từ 61% trở lên hoặc tử vong; miễn, giảm mức bồi hoàn tương ứng nếu thuộc đối tượng miễn, giảm học phí; đồng thời trao quyền khởi kiện cho cơ quan có thẩm quyền nếu sinh viên không thực hiện nghĩa vụ.","Nghị định 62/2025/NĐ-CP sửa đổi, bổ sung một số điều của Nghị định 116/2020/NĐ-CP, quy định việc thu hồi, bồi hoàn, miễn, giảm hoặc xóa kinh phí hỗ trợ học phí và chi phí sinh hoạt đối với sinh viên sư phạm khi không hoàn thành chương trình, chuyển ngành, tự thôi học hoặc vi phạm, nêu rõ trách nhiệm thông báo và thu hồi của UBND cấp tỉnh hoặc cơ quan đặt hàng, thời hạn tối đa 4 năm, lãi suất chậm nộp, quyền khởi kiện của cơ quan có thẩm quyền, và miễn, giảm, xóa nợ cho sinh viên đặc biệt như suy giảm khả năng lao động hoặc tử vong.","Decree 62/2025/ND-CP amends and supplements certain provisions of Decree 116/2020/ND-CP, regulating the recovery, reimbursement, exemption, reduction, or cancellation of tuition and living support for pedagogical students who fail to complete their program, change majors, voluntarily withdraw, or violate rules, specifying notification and recovery responsibilities of provincial People's Committees or ordering agencies, a maximum repayment period of 4 years, interest on late payments, the right of competent authorities to initiate lawsuits, and exemption, reduction, or cancellation for students with special cases such as significant labor incapacity or death."
https://www.youtube.com/watch?v=B80_VQCKfn0,"Nghị định số 66/2025/NĐ-CP quy định chính sách hỗ trợ cho trẻ em, nhà trẻ, học sinh, học viên ở vùng dân tộc thiểu số, miền núi, bãi ngang, ven biển và hải đảo, bao gồm hỗ trợ tiền ăn và hỗ trợ cho cơ sở giáo dục mầm non. Nghị định bổ sung trẻ em nhà trẻ bán trú từ 3 tháng đến 3 tuổi vào diện thụ hưởng, nâng định mức hỗ trợ tiền ăn trưa và quản lý buổi trưa, với mục tiêu phát triển con người từ những năm đầu đời.","Nghị định 66/2025/NĐ-CP (có hiệu lực từ 01/06/2025) bổ sung trẻ em nhà trẻ bán trú từ 3 tháng tuổi đến 3 tuổi tại vùng đặc biệt khó khăn vào diện hỗ trợ: mức tiền ăn trưa là 360.000 đồng/trẻ/tháng (tăng gấp đôi so với mức hỗ trợ trẻ mẫu giáo tại Nghị định 105/2020), thời gian hỗ trợ tối đa 9 tháng/năm học. Đồng thời, cơ sở giáo dục mầm non có trẻ em nhà trẻ bán trú được hỗ trợ 700.000 đồng/tháng/nhóm trẻ để quản lý buổi trưa; riêng nhóm trẻ mầm non từ 36 tháng tuổi vẫn giữ mức hỗ trợ tiền ăn 160.000 đồng/trẻ/tháng.","Nghị định số 66/2025/NĐ-CP (có hiệu lực từ 01/06/2025) quy định chính sách hỗ trợ trẻ em, nhà trẻ, học sinh, học viên tại vùng dân tộc thiểu số, miền núi, bãi ngang, ven biển và hải đảo, bổ sung trẻ em nhà trẻ bán trú từ 3 tháng đến 3 tuổi; nâng mức hỗ trợ tiền ăn trưa và quản lý buổi trưa cho cơ sở giáo dục mầm non, nhằm phát triển con người từ những năm đầu đời.","Decree No. 66/2025/ND-CP (effective from June 1, 2025) provides support policies for children, nursery schools, students, and learners in ethnic minority, mountainous, coastal, and island areas, including the addition of full-day nursery children aged 3 months to 3 years; it increases lunch and midday supervision support for preschools, aiming at early childhood development."
https://www.youtube.com/watch?v=G8aLaAkWwXU,"Nghị định 219/2025/NĐ-CP quy định thủ tục cấp, gia hạn, cấp lại giấy phép lao động cho người nước ngoài làm việc tại Việt Nam, cải cách thủ tục hành chính, nới lỏng tiêu chí và hình thức công việc, mở rộng các trường hợp miễn giấy phép, và quy định hồ sơ, giấy tờ cần thiết. Nghị định nhằm đơn giản hóa quy trình, minh bạch thời gian xử lý, hỗ trợ doanh nghiệp và nhà đầu tư quốc tế, và có hiệu lực từ ngày 07/8/2025.","Nghị định 219/2025/NĐ-CP ban hành ngày 07/08/2025 (có hiệu lực cùng ngày) thay thế Nghị định 152/2020/NĐ-CP và Nghị định 70/2023/NĐ-CP, tập trung cải cách toàn diện thủ tục lao động nước ngoài: hợp nhất báo cáo giải trình và đề nghị cấp giấy phép lao động vào một bộ hồ sơ (Mẫu 03); rút ngắn thời gian xử lý còn 10 ngày làm việc; giảm yêu cầu kinh nghiệm đối với chuyên gia (xuống 2 năm, lĩnh vực ưu tiên còn 1 năm) và lao động kỹ thuật; mở rộng diện miễn giấy phép lao động lên 15 nhóm (bao gồm lĩnh vực công nghệ cao và nhà đầu tư vốn từ 3 tỷ đồng); quy định giấy phép chỉ được gia hạn 01 lần (tối đa 2 năm) và phải nộp hồ sơ trước 10-45 ngày khi hết hạn.","Nghị định 219/2025/NĐ-CP có hiệu lực từ ngày 07/08/2025, thay thế Nghị định 152/2020/NĐ-CP và 70/2023/NĐ-CP, quy định thủ tục cấp, gia hạn, cấp lại giấy phép lao động cho người nước ngoài tại Việt Nam, hợp nhất hồ sơ, rút ngắn thời gian xử lý, giảm yêu cầu kinh nghiệm, mở rộng các trường hợp miễn giấy phép, giới hạn gia hạn giấy phép một lần tối đa 2 năm và yêu cầu nộp hồ sơ trước 10-45 ngày khi hết hạn, nhằm cải cách thủ tục hành chính và hỗ trợ doanh nghiệp, nhà đầu tư quốc tế.","Decree 219/2025/ND-CP, effective from August 7, 2025, replacing Decrees 152/2020/ND-CP and 70/2023/ND-CP, regulates the issuance, renewal, and reissuance of work permits for foreigners in Vietnam, consolidates application documents, shortens processing time, reduces experience requirements, expands exemptions, limits permit renewal to once for a maximum of two years, and requires submission 10–45 days before expiration, aiming to reform administrative procedures and support businesses and international investors."
https://youtube.com/shorts/15J3yQ2-GR0?si=cHYBTWEmZvWhCsh9,"Nghị định 307/2025/NĐ-CP quy định về phân loại đơn vị hành chính tại Việt Nam, bao gồm phân loại tỉnh, thành phố trực thuộc trung ương, xã và phường đặc khu theo các loại khác nhau. Nghị định xác định phương pháp tính điểm cho từng đơn vị hành chính, tổng điểm tối đa 100 điểm, có thể cộng điểm ưu tiên và làm tròn đến hai chữ số thập phân.","Nghị định 307/2025/NĐ-CP quy định phân loại đơn vị hành chính: Hà Nội và TP.HCM là cấp tỉnh loại đặc biệt, các TP trực thuộc trung ương khác là loại I; tỉnh và xã chia thành 3 loại (I, II, III); phường đặc khu chia thành 4 loại (đặc biệt, I, II, III). Việc phân loại thực hiện bằng phương pháp tính điểm theo các tiêu chí (tối đa 100 điểm) và điểm ưu tiên, làm tròn đến hai chữ số thập phân.","Nghị định 307/2025/NĐ-CP quy định phân loại đơn vị hành chính tại Việt Nam, gồm Hà Nội và TP.HCM là tỉnh loại đặc biệt, các TP trực thuộc trung ương khác là loại I; tỉnh và xã chia thành loại I, II, III; phường đặc khu chia thành đặc biệt, I, II, III, với phương pháp tính điểm tối đa 100 điểm, có điểm ưu tiên và làm tròn đến hai chữ số thập phân.","Decree 307/2025/ND-CP stipulates the classification of administrative units in Vietnam, including Hanoi and Ho Chi Minh City as special-grade provinces, other centrally-governed cities as grade I; provinces and communes as grades I, II, III; special-zone wards as special, I, II, III, using a scoring method up to 100 points, including priority points, rounded to two decimal places."
https://www.youtube.com/watch?v=aZBQ0GEsspI,"Luật Di sản văn hóa sửa đổi được Quốc hội thông qua nhằm nâng cao hiệu lực, hiệu quả quản lý, bảo vệ và phát huy giá trị di sản văn hóa. Luật quy định việc xác lập di sản theo loại hình sở hữu, chính sách nhà nước trong bảo vệ di sản, ưu tiên ngân sách cho các hoạt động đặc thù, đào tạo nhân lực, hoàn thiện các hành vi nghiêm cấm, điều chỉnh khu vực bảo vệ, quản lý di vật, bảo tàng và hỗ trợ phát triển hệ thống bảo tàng.","Luật Di sản văn hóa sửa đổi được Quốc hội thông qua nhằm nâng cao hiệu quả quản lý, bảo vệ và phát huy giá trị di sản văn hóa. Các điểm mới cơ bản bao gồm: xác lập di sản theo loại hình sở hữu (toàn dân, chung, riêng); ưu tiên ngân sách cho hoạt động đặc thù và đào tạo nhân lực; hoàn thiện hành vi bị nghiêm cấm; quy định cụ thể về điều chỉnh ranh giới bảo vệ, sửa chữa công trình trong và ngoài khu vực di tích; quản lý di vật, cổ vật, bảo vật quốc gia; bổ sung Quỹ Bảo tồn di sản văn hóa và chính sách cho di sản tư liệu, hệ thống bảo tàng.","Luật Di sản văn hóa sửa đổi được Quốc hội thông qua nhằm nâng cao hiệu quả quản lý, bảo vệ và phát huy giá trị di sản văn hóa, bao gồm xác lập di sản theo loại hình sở hữu, ưu tiên ngân sách cho hoạt động đặc thù và đào tạo nhân lực, hoàn thiện các hành vi nghiêm cấm, điều chỉnh ranh giới bảo vệ, quản lý di vật, cổ vật, bảo vật quốc gia, bổ sung Quỹ Bảo tồn di sản văn hóa và phát triển hệ thống bảo tàng.","The amended Law on Cultural Heritage, passed by the National Assembly, aims to enhance the efficiency of managing, protecting, and promoting cultural heritage, including establishing heritage by ownership type, prioritizing budget for special activities and human resource training, completing prohibited acts, adjusting protection boundaries, managing artifacts and national treasures, establishing the Cultural Heritage Preservation Fund, and developing the museum system."
https://www.youtube.com/watch?v=IzcuwxaB7qs,"Luật Thuế thu nhập doanh nghiệp 2025 quy định mở rộng phạm vi đánh thuế, rút ngắn thời gian miễn thuế, bổ sung ưu đãi cho tín chỉ cacbon, trái phiếu xanh, điều chỉnh bù trừ lỗ, chi phí được trừ và phân tầng thuế suất 15%, 17%, 20%. Luật cũng điều chỉnh ngành nghề, địa bàn ưu đãi, ưu đãi riêng cho ngành ô tô và hỗ trợ doanh nghiệp nhỏ và vừa, nhằm tăng hiệu quả quản lý thuế, khuyến khích đổi mới sáng tạo và phát triển bền vững.","Luật Thuế thu nhập doanh nghiệp 2025 (hiệu lực từ 01/10/2025) có 10 điểm mới cốt lõi: (1) Đánh thuế mọi thu nhập có nguồn gốc tại Việt Nam của doanh nghiệp nước ngoài (kể cả kinh doanh số xuyên biên giới); (2) Rút ngắn thời gian miễn thuế sản phẩm công nghệ mới từ 5 năm xuống tối đa 3 năm; (3) Miễn thuế thu nhập từ tín chỉ cacbon và trái phiếu xanh; (4) Cho phép bù trừ lỗ từ chuyển nhượng bất động sản vào thu nhập các hoạt động khác có lãi; (5) Bổ sung chi phí được trừ (chi phí nhân sự biệt phái, giảm phát thải, VAT không được hoàn...); (6) Phân tầng thuế suất theo doanh thu: dưới 3 tỷ (15%), từ 3-50 tỷ (17%), thông thường (20%); (7) Thay đổi ngành nghề ưu đãi (loại bỏ dự án vốn 6.000 tỷ, bổ sung hỗ trợ khởi nghiệp); (8) Bổ sung khu nông nghiệp ứng dụng công nghệ cao và khu công nghệ số vào địa bàn ưu đãi; (9) Điều chỉnh ưu đãi lắp ráp ô tô (thuế suất 17% trong 10 năm); (10) Ưu đãi thuế suất 17% cho dự án hạ tầng hỗ trợ doanh nghiệp nhỏ và vừa.","Luật Thuế thu nhập doanh nghiệp 2025 (có hiệu lực từ 01/10/2025) mở rộng đánh thuế mọi thu nhập doanh nghiệp, rút ngắn thời gian miễn thuế sản phẩm công nghệ mới, miễn thuế tín chỉ cacbon và trái phiếu xanh, cho phép bù trừ lỗ bất động sản, bổ sung chi phí được trừ, phân tầng thuế suất 15%-17%-20%, điều chỉnh ngành nghề và địa bàn ưu đãi, ưu đãi riêng cho lắp ráp ô tô và hỗ trợ dự án hạ tầng doanh nghiệp nhỏ và vừa, nhằm tăng hiệu quả quản lý thuế và khuyến khích đổi mới sáng tạo, phát triển bền vững.","The 2025 Corporate Income Tax Law (effective from October 1, 2025) expands taxation to all corporate income, shortens tax exemption periods for new technology products, exempts carbon credits and green bonds, allows real estate loss offsetting, adds deductible expenses, tiers tax rates at 15%-17%-20%, adjusts preferential sectors and locations, provides specific incentives for automobile assembly and small-to-medium enterprise infrastructure projects, aiming to improve tax administration efficiency and encourage innovation and sustainable development."
https://www.youtube.com/watch?v=BvOGAIeP11w,"Quyết định của Bộ Nông nghiệp và Môi trường phân cấp 14 thủ tục hành chính đất đai xuống cấp xã, nhằm rút ngắn thời gian xử lý hồ sơ, giảm áp lực cho cấp huyện và tạo thuận lợi cho người dân. Cấp xã có thẩm quyền xác nhận, đính chính, thu hồi, cấp lại sổ đỏ và giải quyết một số thủ tục về giao đất, cho thuê đất, chuyển mục đích sử dụng đất. Thời gian cấp giấy chứng nhận lần đầu không quá 3 ngày, đăng ký đất đai lần đầu không quá 17 ngày. Quyết định cũng bao gồm việc hòa giải tranh chấp đất đai tại cấp xã và tích hợp vào cổng dịch vụ công quốc gia.","Từ ngày 01/7, chính quyền cấp xã chính thức tiếp nhận và giải quyết 14 thủ tục hành chính đất đai nhằm rút ngắn thời gian và giảm tải cho cấp huyện. Các nội dung trọng tâm bao gồm: Chủ tịch UBND cấp xã ký cấp sổ đỏ cho cá nhân trong nước và người Việt định cư ở nước ngoài; thực hiện xác nhận lại diện tích đất, đính chính thông tin, thu hồi và cấp lại sổ đỏ cấp sai quy định; giải quyết thủ tục giao đất, cho thuê đất, chuyển mục đích sử dụng đất và hòa giải tranh chấp. Thời gian thực hiện được rút ngắn: đăng ký đất đai và tài sản gắn liền với đất lần đầu không quá 17 ngày làm việc, cấp giấy chứng nhận lần đầu không quá 03 ngày làm việc.","Từ ngày 01/7, cấp xã tiếp nhận và giải quyết 14 thủ tục hành chính đất đai, bao gồm cấp, đính chính, thu hồi, cấp lại sổ đỏ, giao đất, cho thuê đất, chuyển mục đích sử dụng đất và hòa giải tranh chấp, nhằm rút ngắn thời gian và giảm tải cho cấp huyện; thời gian cấp giấy chứng nhận lần đầu không quá 3 ngày, đăng ký đất đai lần đầu không quá 17 ngày, đồng thời tích hợp vào cổng dịch vụ công quốc gia.","From July 1, commune-level authorities handle 14 land administrative procedures, including issuing, correcting, revoking, reissuing land use right certificates, land allocation, leasing, land-use conversion, and dispute mediation, aiming to shorten processing times and reduce workload for the district level; the first-time certificate issuance shall not exceed 3 days, first-time land registration shall not exceed 17 days, and processes are integrated into the national public service portal."
https://youtube.com/shorts/_rgpMDe720U?si=Ye6C3SoCEP_ItJgJ,"Nghị định 327/2025/NĐ-CP quy định việc cấp thị thực và thẻ tạm trú cho người nước ngoài tại Trung tâm tài chính quốc tế, bao gồm nhà đầu tư quan trọng, chuyên gia, nhà quản lý và người lao động có trình độ cao, thời hạn không quá 10 năm. Thân nhân trực hệ của người nước ngoài được cấp thị thực hoặc thẻ tạm trú theo đề nghị của cơ quan điều hành với thời hạn phù hợp.","Nghị định 327/2025/NĐ-CP quy định cấp thị thực, thẻ tạm trú ký hiệu UD1 thời hạn không quá 10 năm cho nhà đầu tư quan trọng, chuyên gia, nhà quản lý, người lao động trình độ cao làm việc tại Trung tâm tài chính quốc tế theo đề nghị của cơ quan điều hành. Vợ, chồng và con dưới 18 tuổi của các đối tượng này được cấp thị thực, thẻ tạm trú ký hiệu UD2 với thời hạn phù hợp với thời hạn của người sở hữu thị thực UD1 tương ứng.","Nghị định 327/2025/NĐ-CP quy định việc cấp thị thực UD1 và thẻ tạm trú tối đa 10 năm cho nhà đầu tư quan trọng, chuyên gia, nhà quản lý và người lao động trình độ cao tại Trung tâm tài chính quốc tế theo đề nghị của cơ quan điều hành; vợ, chồng và con dưới 18 tuổi của họ được cấp thị thực UD2 và thẻ tạm trú với thời hạn phù hợp.","Decree 327/2025/ND-CP stipulates the issuance of UD1 visas and residence permits for up to 10 years to key investors, experts, managers, and highly skilled workers at the International Financial Center upon the executive agency's recommendation; their spouses and children under 18 are issued UD2 visas and residence permits with corresponding valid durations."
https://www.youtube.com/watch?v=dvzfqhpkQ9Q,"Quốc hội thông qua nghị quyết về cơ chế chính sách tháo gỡ khó khăn trong thi hành Luật Đất đai, bao gồm miễn giảm tiền sử dụng đất, tiền thuê đất, nghĩa vụ tài chính khi chuyển mục đích sử dụng đất, cấp giấy chứng nhận, tách thửa, hợp thừa, thu hồi đất phục vụ phát triển kinh tế xã hội và xử lý hợp đồng BT. Nghị quyết có hiệu lực từ 01/05/2026 và quy định cụ thể mức thu, bồi thường, hỗ trợ tái định cư, thời điểm xác định giá đất và các thủ tục liên quan.","Nghị quyết của Quốc hội (hiệu lực từ 01/05/2026) ban hành các cơ chế đặc thù tháo gỡ khó khăn cho Luật Đất đai với các điểm chính: (1) Giảm tiền sử dụng đất khi chuyển mục đích từ đất vườn, ao, nông nghiệp trong cùng thửa đất ở sang đất ở xuống còn 30% phần chênh lệch (trong hạn mức), 50% (vượt hạn mức không quá 1 lần) và 100% (vượt quá 1 lần hạn mức); (2) Đơn giản hóa thủ tục miễn, giảm tiền sử dụng đất/thuê đất khi người dân không phải nộp hồ sơ đề nghị hay xác định giá đất; (3) Bổ sung 3 trường hợp thu hồi đất mới: dự án khu thương mại tự do/trung tâm tài chính quốc tế, dự án đã thỏa thuận được trên 75% diện tích/số người sử dụng đất, và tạo quỹ đất thanh toán hợp đồng BT; (4) Quy định bồi thường diện tích đất thu hồi còn lại trong dự án thỏa thuận phải không thấp hơn mức giá trung bình đã thỏa thuận trước đó; (5) Xác định giá đất thanh toán hợp đồng BT tại thời điểm giao đất/cho thuê đất và bồi thường lãi suất nếu Nhà nước chậm bàn giao.","Nghị quyết của Quốc hội có hiệu lực từ 01/05/2026 quy định cơ chế tháo gỡ khó khăn trong thi hành Luật Đất đai, bao gồm miễn, giảm tiền sử dụng đất, tiền thuê đất, nghĩa vụ tài chính khi chuyển mục đích sử dụng đất; cấp giấy chứng nhận; tách thửa, hợp thửa; thu hồi đất phục vụ phát triển kinh tế xã hội và xử lý hợp đồng BT, với các mức giảm cụ thể, đơn giản hóa thủ tục, bổ sung trường hợp thu hồi đất, quy định bồi thường, xác định giá đất và bồi thường lãi suất nếu Nhà nước chậm bàn giao.","The National Assembly resolution, effective from May 1, 2026, establishes mechanisms to ease difficulties in implementing the Land Law, including exemptions and reductions of land use fees, land rent, financial obligations when changing land use purposes; issuance of land certificates; subdivision and consolidation of land plots; land recovery for socio-economic development; and handling BT contracts, specifying reduction rates, simplified procedures, additional land recovery cases, compensation rules, land price determination, and interest compensation if the State delays handover."
https://www.youtube.com/watch?v=ObHHh9cGypY,"Quốc hội thông qua Luật Tình trạng khẩn cấp, quy định định nghĩa, phân loại tình trạng khẩn cấp thành thảm họa, an ninh quốc gia, trật tự an toàn xã hội và quốc phòng. Luật xác định biện pháp ứng phó, quyền hạn cơ quan chức năng, bảo vệ lợi ích quốc gia, dân tộc và người dân, đồng thời quy định các biện pháp hạn chế quyền con người, hỗ trợ sản xuất, kinh doanh, lao động và nguồn lực ứng phó. Luật có hiệu lực từ 01/05/2026.","Luật Tình trạng khẩn cấp (hiệu lực từ 01/05/2026) phân loại tình trạng khẩn cấp thành 3 nhóm: thảm họa, an ninh quốc gia/trật tự an toàn xã hội và quốc phòng. Luật quy định các biện pháp ứng phó cụ thể: cưỡng chế di dời dân khỏi vùng nguy hiểm, bình ổn giá, kiểm soát chuyến bay quá cảnh, hạn chế giao dịch kinh tế với các bên liên quan đến tình trạng khẩn cấp và tăng cường bảo vệ cán bộ lãnh đạo chủ chốt. Đồng thời, Luật xác lập các chính sách hỗ trợ về thuế, tín dụng, an sinh xã hội để khôi phục sản xuất từ nguồn ngân sách, quỹ phòng thủ dân sự và dự trữ quốc gia.","Luật Tình trạng khẩn cấp (có hiệu lực từ 01/05/2026) phân loại tình trạng khẩn cấp thành thảm họa, an ninh quốc gia/trật tự an toàn xã hội và quốc phòng, quy định biện pháp ứng phó như cưỡng chế di dời dân, bình ổn giá, kiểm soát chuyến bay, hạn chế giao dịch kinh tế với bên liên quan, tăng cường bảo vệ cán bộ chủ chốt, đồng thời xác lập các chính sách hỗ trợ về thuế, tín dụng, an sinh xã hội để khôi phục sản xuất, bảo vệ lợi ích quốc gia, dân tộc và người dân.","The Emergency Situations Law (effective from May 1, 2026) classifies emergencies into disasters, national security/public order, and defense, stipulating response measures such as forced evacuation, price stabilization, flight control, restriction of economic transactions with relevant parties, and enhanced protection of key officials, while establishing support policies on taxation, credit, and social welfare to restore production and safeguard national, ethnic, and citizen interests."
https://www.youtube.com/watch?v=qy0uEk_jXT4,"Bộ Nội vụ ban hành thông tư hướng dẫn thực hiện chế độ phụ cấp đặc biệt cho cán bộ, công chức, viên chức và lực lượng vũ trang công tác tại các địa bàn khó khăn; đồng thời Cục Thuế Hà Nội hướng dẫn áp dụng luật thuế thu nhập cá nhân sửa đổi năm 2025 cho thu nhập từ tiền lương, tiền công từ ngày 01/05/2026.","Văn bản gồm hai nội dung chính: (1) Hướng dẫn chế độ phụ cấp đặc biệt (mức 30%, 50%, 100%) tính trên lương hiện hưởng hoặc phụ cấp quân hàm cho cán bộ, công chức và lực lượng vũ trang tại địa bàn đặc biệt khó khăn (đảo xa, biên giới); phụ cấp này trả theo thực tế công tác tại địa bàn, không dùng đóng bảo hiểm xã hội. (2) Hướng dẫn áp dụng Luật Thuế thu nhập cá nhân số 109/2025/QH15 từ ngày 01/01/2026 đối với thu nhập từ kinh doanh, tiền lương và tiền công của cá nhân cư trú; các biểu thuế lũy tiến mới sẽ được áp dụng thống nhất ngay từ đầu kỳ tính thuế năm 2026 để đảm bảo tính đồng bộ thay vì đợi đến ngày hiệu lực toàn diện 01/07/2026.","Bộ Nội vụ ban hành hướng dẫn chế độ phụ cấp đặc biệt cho cán bộ, công chức, viên chức và lực lượng vũ trang tại địa bàn khó khăn, tính theo lương hoặc phụ cấp quân hàm và trả theo thực tế công tác, không tính đóng bảo hiểm xã hội; đồng thời hướng dẫn áp dụng Luật Thuế thu nhập cá nhân số 109/2025/QH15 từ ngày 01/01/2026 cho thu nhập từ kinh doanh, tiền lương, tiền công, với biểu thuế lũy tiến mới áp dụng thống nhất từ đầu kỳ tính thuế năm 2026.","The Ministry of Home Affairs issued guidance on special allowances for officials, civil servants, public employees, and armed forces in difficult areas, calculated based on salary or rank allowances and paid according to actual service, without social insurance contributions; it also provides guidance on implementing Personal Income Tax Law No. 109/2025/QH15 from January 1, 2026, for income from business, wages, and salaries, with the new progressive tax rates applied uniformly from the start of the 2026 tax period."
https://www.youtube.com/watch?v=yqm9IcV-8o4,"Bộ Xây dựng thông tin chương trình hành động thực hiện Nghị quyết số 01 của Chính phủ, tập trung vào giải ngân vốn đầu tư công, phát triển đô thị, nhà ở xã hội, nâng diện tích nhà ở bình quân và cải thiện tiếp cận nhà ở cho nhóm thu nhập trung bình; đồng thời nêu các chính sách pháp luật và giải pháp thị trường bất động sản, mã định danh điện tử và luật đầu tư 2025; cập nhật tiến trình đàm phán FTA với khối EFTA.","Văn bản nêu các nội dung trọng tâm về kinh tế - pháp luật năm 2026: (1) Bộ Xây dựng phấn đấu giải ngân đầu tư công trên 95%, nâng tỷ lệ đô thị hóa lên 45%, hoàn thành 110.000 căn nhà ở xã hội và diện tích sàn bình quân đạt 27 m²/người; (2) Chính phủ yêu cầu phát triển phân khúc nhà ở phù hợp với người có thu nhập trên 20 triệu đồng/tháng để tháo gỡ sự khan hiếm nhà ở trung cấp (40-60 triệu đồng/m²); (3) Từ tháng 3/2026, Nghị định 357/2025 có hiệu lực quy định cấp mã định danh điện tử tối đa 40 ký tự cho từng sản phẩm bất động sản; (4) Luật Đầu tư 2025 có hiệu lực từ tháng 3/2026 giúp cắt giảm mạnh ngành nghề kinh doanh có điều kiện và tăng quyền tự do kinh doanh; (5) Việt Nam và khối EFTA đẩy nhanh tiến độ đàm phán FTA vòng 19, kỳ vọng ký kết vào tháng 6/2026.","Bộ Xây dựng triển khai chương trình hành động thực hiện Nghị quyết số 01 của Chính phủ, với mục tiêu giải ngân trên 95% vốn đầu tư công, nâng tỷ lệ đô thị hóa lên 45%, hoàn thành 110.000 căn nhà ở xã hội, tăng diện tích nhà ở bình quân lên 27 m²/người, phát triển nhà ở phù hợp thu nhập trung bình (trên 20 triệu đồng/tháng) để giảm khan hiếm, đồng thời áp dụng Nghị định 357/2025 về mã định danh điện tử bất động sản và Luật Đầu tư 2025 nhằm cắt giảm ngành nghề kinh doanh có điều kiện, cải thiện quyền tự do kinh doanh, và cập nhật tiến trình đàm phán FTA với khối EFTA dự kiến ký kết tháng 6/2026.","The Ministry of Construction implements an action program under Government Resolution No. 01, aiming to disburse over 95% of public investment, raise urbanization to 45%, complete 110,000 social housing units, increase average housing area to 27 m² per person, develop housing suitable for middle-income earners (over 20 million VND/month) to alleviate shortages, apply Decree 357/2025 on electronic real estate identifiers and the 2025 Investment Law to reduce conditional business sectors and enhance business freedom, and update the progress of FTA negotiations with the EFTA bloc, expected to be signed in June 2026."
https://www.youtube.com/watch?v=gEr9QABlgbU,"Chỉ thị số 20 ngày 12/5/2025 của Thủ tướng Chính phủ về nhiệm vụ cấp bách, quyết liệt ngăn chặn và giải quyết tình trạng ô nhiễm môi trường; giao các bộ, ngành và địa phương rà soát hoàn thiện thể chế, tăng cường thanh tra xử lý vi phạm, xây dựng cơ sở dữ liệu môi trường, ứng dụng công nghệ giám sát, nâng cao vai trò lực lượng công an, triển khai các chính sách thuế phí môi trường, phát triển giao thông xanh và yêu cầu Hà Nội thực hiện lộ trình hạn chế phương tiện dùng nhiên liệu hóa thạch; các cơ quan phải tổ chức thực hiện theo thời hạn và báo cáo định kỳ.","Chỉ thị số 20 ngày 12/05/2025 của Thủ tướng Chính phủ về một số nhiệm vụ cấp bách, quyết liệt ngăn chặn, giải quyết tình trạng ô nhiễm môi trường; yêu cầu các bộ, ngành, địa phương rà soát thể chế, tăng mức xử phạt và bổ sung các biện pháp cưỡng chế (tạm dừng điện, nước, hạ tín nhiệm tín dụng), xây dựng cơ sở dữ liệu môi trường quốc gia, tăng cường vai trò của lực lượng công an trong điều tra tội phạm môi trường và tham nhũng liên quan; giao Bộ Tài chính nghiên cứu thu phí khí thải phương tiện giao thông, Bộ Xây dựng thúc đẩy giao thông xanh; đặc biệt yêu cầu Hà Nội thực hiện lộ trình đến năm 2026 không còn xe máy dùng nhiên liệu hóa thạch trong vành đai 1 và đến năm 2028 trong vành đai 2.","Chỉ thị số 20 ngày 12/5/2025 của Thủ tướng Chính phủ về các nhiệm vụ cấp bách ngăn chặn và giải quyết ô nhiễm môi trường, yêu cầu các bộ, ngành, địa phương rà soát thể chế, tăng cường thanh tra, xử lý vi phạm, bổ sung biện pháp cưỡng chế, xây dựng cơ sở dữ liệu môi trường quốc gia, ứng dụng công nghệ giám sát, nâng cao vai trò lực lượng công an trong điều tra tội phạm môi trường và tham nhũng, triển khai chính sách thuế, phí môi trường, phát triển giao thông xanh; Hà Nội thực hiện lộ trình loại bỏ xe máy dùng nhiên liệu hóa thạch trong vành đai 1 đến năm 2026 và vành đai 2 đến năm 2028; các cơ quan phải thực hiện theo thời hạn và báo cáo định kỳ.","Directive No. 20 dated May 12, 2025, issued by the Prime Minister on urgent tasks to prevent and address environmental pollution, requires ministries, sectors, and localities to review institutions, strengthen inspection and violation handling, add coercive measures, develop a national environmental database, apply monitoring technology, enhance the role of the police in investigating environmental crimes and related corruption, implement environmental taxes and fees, and promote green transportation; Hanoi must phase out fossil-fuel motorcycles in Ring 1 by 2026 and Ring 2 by 2028; agencies must implement on schedule and report periodically."
https://www.youtube.com/watch?v=O_YdG_PxPGg,"Chỉ thị số 21/CT ngày 12/8/2025 tăng cường các biện pháp bảo đảm an toàn và an ninh hàng không dân dụng Việt Nam, bao gồm quản lý an toàn, giám sát, tuyên truyền, ứng dụng công nghệ, kiểm tra, đánh giá, và phối hợp liên ngành. Chỉ thị yêu cầu các bộ, ngành, UBND tỉnh/thành phố và doanh nghiệp hàng không triển khai nghiêm túc, nâng cao văn hóa an toàn và đảm bảo tuân thủ quy định pháp luật.","Chỉ thị số 21/CT-TTg ngày 12/08/2025 của Thủ tướng Chính phủ về việc tăng cường các biện pháp bảo đảm an toàn, an ninh hàng không; quán triệt nguyên tắc không đánh đổi an toàn, an ninh với bất kỳ lý do gì và đẩy mạnh ứng dụng công nghệ (AI, sinh trắc học); giao nhiệm vụ cụ thể cho Bộ Xây dựng (rà soát Luật Hàng không dân dụng), Bộ Công an (đảm bảo an ninh mạng, chống khủng bố), Bộ Quốc phòng (quản lý tàu bay không người lái), cùng UBND các tỉnh và các hãng hàng không nhằm khắc phục sự cố va chạm, chậm hủy chuyến và lộ lọt thông tin mạng.","Chỉ thị số 21/CT-TTg ngày 12/08/2025 của Thủ tướng Chính phủ tăng cường các biện pháp bảo đảm an toàn, an ninh hàng không dân dụng, bao gồm quản lý an toàn, giám sát, tuyên truyền, ứng dụng công nghệ (AI, sinh trắc học), kiểm tra, đánh giá và phối hợp liên ngành, đồng thời quán triệt nguyên tắc không đánh đổi an toàn, an ninh với bất kỳ lý do gì; giao nhiệm vụ cụ thể cho các bộ, UBND tỉnh/thành phố và doanh nghiệp hàng không triển khai nghiêm túc, khắc phục sự cố và nâng cao văn hóa an toàn, tuân thủ pháp luật.","Directive No. 21/CT-TTg dated August 12, 2025, issued by the Prime Minister, strengthens measures to ensure civil aviation safety and security, including safety management, supervision, awareness campaigns, technology application (AI, biometrics), inspection, evaluation, and inter-agency coordination, emphasizing that safety and security must not be compromised for any reason; specific tasks are assigned to ministries, provincial/municipal People's Committees, and airlines to implement rigorously, address incidents, and enhance safety culture in compliance with the law."
https://www.youtube.com/watch?v=wiCsDxdvV0E,"Chỉ thị số 31/2024 của Thủ tướng Chính phủ về tăng cường các điều kiện bảo đảm thực hiện hiệu quả nhiệm vụ năm học 2024-2025, nhấn mạnh lấy sinh viên làm trung tâm, giáo viên là động lực, nhà trường là bệ đỡ, gia đình là điểm tựa, xã hội là nền tảng; yêu cầu Bộ Giáo dục và Đào tạo rà soát, sửa đổi, bổ sung cơ chế, chính sách để nâng cao chất lượng giáo dục và giáo viên tại các cơ sở giáo dục công lập và ngoài công lập.","Chỉ thị số 31 của Thủ tướng Chính phủ về tăng cường các điều kiện bảo đảm thực hiện hiệu quả nhiệm vụ năm học 2024-2025, nhấn mạnh quan điểm lấy sinh viên làm trung tâm, thầy cô giáo là động lực, nhà trường làm bệ đỡ, gia đình là điểm tựa và xã hội là nền tảng; yêu cầu Bộ Giáo dục và Đào tạo hoàn thiện cơ chế, chính sách nhằm nâng cao chất lượng giáo dục và chất lượng giáo viên tại các cơ sở công lập và ngoài công lập.","Chỉ thị số 31/2024 của Thủ tướng Chính phủ về tăng cường các điều kiện thực hiện hiệu quả nhiệm vụ năm học 2024-2025, nhấn mạnh lấy sinh viên làm trung tâm, giáo viên là động lực, nhà trường là bệ đỡ, gia đình là điểm tựa, xã hội là nền tảng; yêu cầu Bộ Giáo dục và Đào tạo hoàn thiện cơ chế, chính sách để nâng cao chất lượng giáo dục và giáo viên tại các cơ sở giáo dục công lập và ngoài công lập.","Directive No. 31/2024 issued by the Prime Minister focuses on strengthening conditions for effectively carrying out the 2024-2025 academic year, emphasizing students as the center, teachers as the driving force, schools as support, families as a base, and society as the foundation; the Ministry of Education and Training is tasked with improving mechanisms and policies to enhance education quality and teacher standards in public and non-public educational institutions."
http://youtube.com/watch?v=a1USNqqe4O0,"Hội nghị toàn quốc tổng kết công tác phòng chống tham nhũng, lãng phí nhiệm kỳ đại hội 13 và 20 năm thực hiện Nghị quyết Trung ương 3 khóa 10, đánh giá kết quả đạt được, rút ra bài học kinh nghiệm và đề ra định hướng, nhiệm vụ trọng tâm cho nhiệm kỳ đại hội 14, nhấn mạnh phòng chống tham nhũng, lãng phí tiêu cực phải kiên trì, quyết liệt, đồng thuận và công khai minh bạch.","Hội nghị toàn quốc tổng kết công tác phòng, chống tham nhũng, lãng phí, tiêu cực nhiệm kỳ Đại hội XIII và 20 năm thực hiện Nghị quyết Trung ương 3 khóa X; đánh giá kết quả đột phá với hơn 2300 tổ chức Đảng bị kỷ luật và thu hồi hơn 664.600 tỷ đồng; Tổng Bí thư Tô Lâm nhấn mạnh 5 bài học kinh nghiệm và 5 nhiệm vụ trọng tâm thời gian tới, tập trung vào ba đột phá về thể chế, công tác cán bộ và chuyển đổi số nhằm xây dựng quốc gia liêm chính, thực hiện phương châm ""phòng là chính"" và xử lý nghiêm không vùng cấm.","Hội nghị toàn quốc tổng kết công tác phòng, chống tham nhũng, lãng phí, tiêu cực nhiệm kỳ Đại hội XIII và 20 năm thực hiện Nghị quyết Trung ương 3 khóa X; đánh giá kết quả đạt được, rút ra bài học kinh nghiệm, đề ra 5 nhiệm vụ trọng tâm và tập trung vào ba đột phá về thể chế, công tác cán bộ và chuyển đổi số, nhấn mạnh phòng chống tham nhũng, lãng phí phải kiên trì, quyết liệt, đồng thuận và minh bạch, thực hiện phương châm ""phòng là chính"" và xử lý nghiêm không vùng cấm.","The national conference reviewed anti-corruption, waste, and negative conduct efforts during the 13th Party Congress term and 20 years of implementing the Central Resolution 3, assessed achievements, drew lessons, set five key tasks, focused on three breakthroughs in institutions, personnel work, and digital transformation, emphasized persistent, decisive, consensual, and transparent anti-corruption and anti-waste measures, applying the principle ""prevention first"" and strict enforcement without immunity."
https://www.youtube.com/watch?v=tfYaP3_I8FQ,"Nghị định số 336/2025/NĐ-CP của Chính phủ quy định các hành vi vi phạm hành chính trong lĩnh vực giao thông đường bộ, bao gồm bảo vệ hạ tầng, trách nhiệm doanh nghiệp vận tải, và nghĩa vụ của tài xế, với mức phạt cụ thể nhằm nâng cao an toàn, trật tự giao thông. Văn bản có hiệu lực từ ngày 01/05/2026 và yêu cầu các đối tượng liên quan chuẩn bị tuân thủ các quy định mới.","Nghị định số 336/2025/NĐ-CP có hiệu lực từ ngày 01/05/2026, quy định xử phạt vi phạm hành chính trong lĩnh vực giao thông đường bộ với 3 nhóm trọng tâm: bảo vệ kết cấu hạ tầng (phạt đến 40 triệu đồng đối với tổ chức lấn chiếm, phá hoại), trách nhiệm doanh nghiệp vận tải (phạt đến 32 triệu đồng nếu hoạt động không phép hoặc thiếu quản lý an toàn) và quy định đối với tài xế, nhân viên phục vụ (yêu cầu tính minh bạch cước phí và thái độ phục vụ văn minh).","Nghị định số 336/2025/NĐ-CP có hiệu lực từ ngày 01/05/2026, quy định xử phạt vi phạm hành chính trong giao thông đường bộ, tập trung vào bảo vệ kết cấu hạ tầng, trách nhiệm doanh nghiệp vận tải và nghĩa vụ của tài xế, với mức phạt cụ thể nhằm nâng cao an toàn và trật tự giao thông.","Decree No. 336/2025/ND-CP, effective from May 1, 2026, stipulates administrative penalties in road traffic, focusing on infrastructure protection, transport company responsibilities, and driver obligations, with specific fines to enhance traffic safety and order."
https://www.youtube.com/watch?v=QBXVS7jHbmM,"Nghị định số 331/2025/NĐ-CP của Chính phủ quy định chi tiết một số điều và biện pháp thi hành Luật Năng lượng nguyên tử, bao gồm ưu tiên đầu tư, phát triển hạ tầng khoa học công nghệ hạt nhân, quản lý chất thải phóng xạ, hỗ trợ tài chính, nghiên cứu ứng dụng bức xạ và đồng vị phóng xạ, phát triển nhân lực, và xây dựng hạ tầng đồng bộ tại địa phương có cơ sở hạt nhân. Văn bản nhằm thúc đẩy phát triển, ứng dụng năng lượng nguyên tử vì mục đích hòa bình, an toàn và hiệu quả.","Nghị định số 331 quy định chi tiết thi hành Luật Năng lượng nguyên tử về phát triển ứng dụng vì mục đích hòa bình; tập trung ưu tiên đầu tư hạ tầng khoa học hạt nhân, mạng lưới cảnh báo phóng xạ và xử lý chất thải; quy định đa dạng hóa nguồn vốn và chính sách ưu đãi đầu tư, thuế; đặc biệt quy định chế độ phụ cấp ưu đãi nghề nghiệp tối đa 70% mức lương cho nhân lực trong lĩnh vực này, đồng thời ưu tiên tuyển dụng sinh viên tốt nghiệp loại giỏi và phát triển đồng bộ hạ tầng tại địa phương có cơ sở hạt nhân.","Nghị định số 331/2025/NĐ-CP của Chính phủ quy định chi tiết thi hành Luật Năng lượng nguyên tử, bao gồm ưu tiên đầu tư hạ tầng khoa học công nghệ hạt nhân, quản lý chất thải phóng xạ, phát triển mạng lưới cảnh báo phóng xạ, chính sách tài chính và thuế ưu đãi, hỗ trợ nghiên cứu ứng dụng bức xạ và đồng vị phóng xạ, phát triển nhân lực với phụ cấp nghề nghiệp tối đa 70% lương và ưu tiên tuyển dụng sinh viên giỏi, đồng thời xây dựng hạ tầng đồng bộ tại địa phương có cơ sở hạt nhân, nhằm thúc đẩy ứng dụng năng lượng nguyên tử vì mục đích hòa bình, an toàn và hiệu quả.","Government Decree No. 331/2025/ND-CP provides detailed regulations for implementing the Atomic Energy Law, including prioritizing investment in nuclear science and technology infrastructure, radioactive waste management, radiation warning networks, financial and tax incentives, support for radiation and radioisotope research applications, workforce development with up to 70% salary allowances and priority recruitment of top graduates, and building integrated infrastructure in localities with nuclear facilities, aiming to promote the peaceful, safe, and efficient use of atomic energy."
https://www.youtube.com/watch?v=jkWBlN6TmTs,"Nghị định số 67/2025/NĐ-CP sửa đổi Nghị định 178/2024/NĐ-CP, quy định chính sách, chế độ đối với cán bộ, công chức, viên chức, người lao động và lực lượng vũ trang trong thực hiện sắp xếp tổ chức bộ máy. Nội dung chính bao gồm bổ sung nhóm đối tượng hưởng chính sách, quy định về nghỉ hưu trước tuổi, trợ cấp hưu trí, bảo lưu phụ cấp và hướng dẫn xác định thời gian tính hưởng trợ cấp. Văn bản nhằm thực hiện tinh giản biên chế, cơ cấu lại và nâng cao chất lượng đội ngũ.","Nghị định số 67/2025/NĐ-CP sửa đổi Nghị định 178/2024/NĐ-CP, bổ sung 4 nhóm đối tượng hưởng chính sách khi sắp xếp tổ chức bộ máy, tinh giản biên chế và đối với cán bộ không đủ tuổi tái cử; bổ sung hệ số chênh lệch bảo lưu lương vào tiền lương tháng hiện hưởng để tính trợ cấp; quy định mức trợ cấp nghỉ hưu trước tuổi theo thời gian đóng BHXH (hưởng 4 tháng lương cho 15 năm đầu và 0,5 tháng lương cho mỗi năm từ năm thứ 16 trở đi áp dụng từ 01/07/2025) cùng trợ cấp hưu trí một lần cho thời gian nghỉ sớm.","Nghị định số 67/2025/NĐ-CP sửa đổi Nghị định 178/2024/NĐ-CP, bổ sung 4 nhóm đối tượng hưởng chính sách khi sắp xếp tổ chức bộ máy, quy định trợ cấp nghỉ hưu trước tuổi, trợ cấp hưu trí một lần, bảo lưu phụ cấp và hướng dẫn xác định thời gian tính hưởng trợ cấp, nhằm thực hiện tinh giản biên chế và nâng cao chất lượng đội ngũ; mức trợ cấp nghỉ hưu trước tuổi áp dụng từ 01/07/2025.","Decree No. 67/2025/ND-CP amends Decree No. 178/2024/ND-CP, adding four beneficiary groups in organizational restructuring, stipulating early retirement allowance, one-time pension, allowance retention, and guidance for calculating benefit entitlement, aiming to streamline staffing and improve workforce quality; the early retirement allowance is effective from July 1, 2025."
https://www.youtube.com/watch?v=T7gmA_NFGnM,"Văn bản hướng dẫn cách xác định tiền lương tháng và các khoản phụ cấp để tính hưởng chính sách chế độ đối với cán bộ, công chức, viên chức, người lao động và lực lượng vũ trang khi nghỉ hưu trước tuổi theo Nghị định 178/2024/NĐ-CP. Tiền lương tháng hiện hưởng gồm mức lương theo ngạch, bậc, chức vụ, chức danh, nghề nghiệp hoặc theo hợp đồng lao động và các khoản phụ cấp liên quan.","Văn bản hướng dẫn cách xác định tiền lương tháng hiện hưởng để tính chế độ cho cán bộ, công chức, viên chức, người lao động và lực lượng vũ trang nghỉ hưu trước tuổi theo Nghị định 178/2024/NĐ-CP; tiền lương này là mức tháng liền kề trước khi nghỉ việc, bao gồm lương theo ngạch bậc, chức vụ hoặc hợp đồng lao động cùng các khoản phụ cấp như chức vụ, thâm niên, ưu đãi nghề, trách nhiệm nghề, công vụ, công tác Đảng và phụ cấp đặc thù lực lượng vũ trang.","Văn bản hướng dẫn xác định tiền lương tháng hiện hưởng, bao gồm mức lương theo ngạch, bậc, chức vụ, chức danh, nghề nghiệp hoặc hợp đồng lao động cùng các khoản phụ cấp liên quan như chức vụ, thâm niên, ưu đãi nghề, trách nhiệm nghề, công vụ, công tác Đảng và phụ cấp đặc thù lực lượng vũ trang, để tính chế độ nghỉ hưu trước tuổi cho cán bộ, công chức, viên chức, người lao động và lực lượng vũ trang theo Nghị định 178/2024/NĐ-CP.","The document provides guidance on determining the current monthly salary, including salary by rank, grade, position, title, profession, or labor contract, along with related allowances such as position, seniority, professional incentives, job responsibilities, official duties, Party work, and special allowances for armed forces, for calculating early retirement benefits for civil servants, public employees, workers, and armed forces under Decree 178/2024/ND-CP."
https://www.youtube.com/watch?v=JncHMTDeq0I,"Luật Sở hữu trí tuệ sửa đổi quy định AI không được công nhận là tác giả; quyền sở hữu tác phẩm do AI tạo ra thuộc về con người sử dụng AI. Luật cho phép sử dụng dữ liệu công khai để huấn luyện AI, quy định trách nhiệm của nền tảng số trong bảo vệ quyền sở hữu trí tuệ, và yêu cầu phân định rõ sự sáng tạo của con người trong tác phẩm để được bảo hộ.","Luật Sở hữu trí tuệ sửa đổi quy định AI không được công nhận là tác giả, quyền sở hữu tác phẩm thuộc về người sử dụng AI nếu có sự sáng tạo trực tiếp của con người; luật cho phép sử dụng dữ liệu công khai để huấn luyện AI nhưng cần làm rõ mục đích thương mại để trả phí; đồng thời mở rộng trách nhiệm bảo vệ quyền sở hữu trí tuệ trên không gian mạng cho các doanh nghiệp cung cấp dịch vụ trung gian và chủ quản nền tảng số (Điều 198B), yêu cầu người dùng phải gắn nhãn khi sử dụng AI trong sáng tạo.","Luật Sở hữu trí tuệ sửa đổi quy định AI không được công nhận là tác giả; quyền sở hữu tác phẩm AI tạo ra thuộc về người sử dụng AI có sự sáng tạo trực tiếp của con người. Luật cho phép sử dụng dữ liệu công khai để huấn luyện AI với mục đích thương mại phải trả phí, mở rộng trách nhiệm bảo vệ quyền sở hữu trí tuệ trên không gian mạng cho doanh nghiệp cung cấp dịch vụ trung gian và nền tảng số, và yêu cầu người dùng gắn nhãn khi sử dụng AI trong sáng tạo.","The amended Intellectual Property Law stipulates that AI cannot be recognized as an author; ownership of AI-generated works belongs to users who contribute direct human creativity. The law allows using public data to train AI, requires fees for commercial purposes, expands online intellectual property protection responsibilities to intermediary service providers and digital platforms, and mandates users to label AI-assisted creations."
https://youtu.be/uSP2AHSO29w?si=BGzj8E1PMISB6ZV0,"Dự thảo Luật báo chí sửa đổi nhằm hoàn thiện hành lang pháp lý cho báo chí trong môi trường số, công nhận kênh mạng xã hội là kênh nội dung chính thức, bảo vệ bản quyền, kiểm soát tin giả, quản lý nền tảng xuyên biên giới và quy định trách nhiệm sử dụng trí tuệ nhân tạo. Văn bản đề xuất cơ chế đầu tư, minh bạch hóa, tăng hiệu quả tuyên truyền và mở rộng cơ hội kinh doanh cho báo chí số.","Dự thảo Luật Báo chí sửa đổi tạo khung pháp lý cho báo chí trong kỷ nguyên số, lần đầu đưa các kênh trên không gian mạng (Facebook, YouTube, TikTok...) vào định nghĩa báo chí và công nhận là kênh phát hành hợp pháp; quy định nhà nước đầu tư công cụ số, hỗ trợ bảo vệ bản quyền và thiết lập cơ chế chia sẻ lợi ích với các trang mạng xã hội sử dụng tin bài của báo chí; đồng thời siết chặt trách nhiệm nội dung, yêu cầu công bố mức độ can thiệp của AI, định danh tài khoản và ràng buộc nghĩa vụ pháp lý đối với các nền tảng xuyên biên giới tại Việt Nam.","Dự thảo Luật Báo chí sửa đổi hoàn thiện khung pháp lý cho báo chí trong môi trường số, công nhận kênh mạng xã hội là kênh phát hành hợp pháp, bảo vệ bản quyền, kiểm soát tin giả, quy định trách nhiệm sử dụng AI và quản lý nền tảng xuyên biên giới, đồng thời đề xuất cơ chế đầu tư, minh bạch hóa, chia sẻ lợi ích và tăng hiệu quả tuyên truyền cho báo chí số.","The amended Press Law draft aims to complete the legal framework for digital journalism, recognizes social media channels as legitimate distribution channels, protects copyright, controls fake news, regulates AI use, and manages cross-border platforms, while proposing investment mechanisms, transparency, benefit-sharing, and enhancing the effectiveness of digital press communication."
https://youtu.be/v7HcQtj_Gwk?si=uqR_YVzxltmrTAS7,"Văn bản giới thiệu cuộc thi sử dụng trí tuệ nhân tạo để giải thích, trực quan hóa và truyền tải nội dung Luật bảo vệ dữ liệu cá nhân 2025 thông qua infographic, hình ảnh và thiết kế dễ hiểu cho cộng đồng, đồng thời nhấn mạnh trách nhiệm công dân về dữ liệu cá nhân.","Văn bản thông tin về đề bài bảng 8 tại cuộc thi AI Thực chiến, nơi các thí sinh sử dụng trí tuệ nhân tạo (Cursor, Photoshop, AI tạo hình...) để đơn giản hóa và trực quan hóa Luật Bảo vệ dữ liệu cá nhân 2025 thông qua thiết kế infographic. Qua quy trình sáng tạo 5 bước, các đội thi chuyển đổi những khái niệm pháp lý khô khan thành thông điệp truyền thông sống động, dễ hiểu, đồng thời khẳng định vai trò của AI trong việc lan tỏa tri thức pháp luật và nâng cao trách nhiệm công dân trong thời đại số.","Văn bản giới thiệu đề bài bảng 8 tại cuộc thi AI Thực chiến, nơi thí sinh sử dụng trí tuệ nhân tạo (Cursor, Photoshop, AI tạo hình...) để trực quan hóa, đơn giản hóa và truyền tải Luật Bảo vệ dữ liệu cá nhân 2025 qua infographic và thiết kế dễ hiểu, đồng thời nhấn mạnh vai trò AI trong lan tỏa tri thức pháp luật và nâng cao trách nhiệm công dân về dữ liệu cá nhân.","The document introduces Challenge 8 in the AI Practical Competition, where participants use artificial intelligence (Cursor, Photoshop, generative AI, etc.) to visualize, simplify, and communicate the 2025 Personal Data Protection Law through infographics and user-friendly designs, highlighting AI’s role in disseminating legal knowledge and enhancing citizens’ responsibility for personal data."
https://youtu.be/-TBRTRD9EXc?si=5e2yhaj-_4eYI1Fq,"Quốc hội thảo luận dự thảo luật năng lượng nguyên tử, tập trung vào an toàn, an ninh vận hành nhà máy điện hạt nhân, trách nhiệm pháp lý của cán bộ quản lý khi che giấu hoặc báo cáo sai sự cố, bổ sung nguyên tắc trách nhiệm của tổ chức, cá nhân phát sinh chất thải phóng xạ, và quy định cơ quan pháp quy hạt nhân để nâng cao hiệu quả quản lý.","Quốc hội thảo luận dự thảo Luật Năng lượng nguyên tử, tập trung vào an toàn, an ninh vận hành nhà máy điện hạt nhân; đề nghị bổ sung trách nhiệm pháp lý của cán bộ khi che giấu hoặc báo cáo sai sự cố, nguyên tắc trách nhiệm mở rộng của tổ chức, cá nhân phát sinh chất thải phóng xạ và quy định cụ thể cơ quan pháp quy hạt nhân.","Quốc hội thảo luận dự thảo Luật Năng lượng nguyên tử, tập trung vào an toàn và an ninh vận hành nhà máy điện hạt nhân, bổ sung trách nhiệm pháp lý của cán bộ khi che giấu hoặc báo cáo sai sự cố, nguyên tắc trách nhiệm của tổ chức, cá nhân phát sinh chất thải phóng xạ, và quy định cụ thể về cơ quan pháp quy hạt nhân.","The National Assembly discusses the Draft Atomic Energy Law, focusing on nuclear power plant safety and security, adding legal responsibilities for officials who conceal or misreport incidents, principles of responsibility for organizations and individuals generating radioactive waste, and specific provisions on the nuclear regulatory authority."
https://youtu.be/emmHczvRRxM?si=KRoijWvL_1QlyS00,"Luật bảo hiểm xã hội 2024 mở rộng đối tượng tham gia bảo hiểm xã hội bắt buộc, bao gồm chủ hộ kinh doanh, người lao động làm việc không theo giờ cố định và người quản lý doanh nghiệp/hợp tác xã. Quy định mức đóng 25% thu nhập, phân chia vào quỹ ốm đau và hưu trí tử tuất, đồng thời nêu rõ lộ trình tham gia theo từng nhóm đối tượng và chế tài xử lý hành vi chậm hoặc chồn đóng.","Luật Bảo hiểm xã hội 2024 mở rộng đối tượng tham gia BHXH bắt buộc gồm chủ hộ kinh doanh, người hoạt động không chuyên trách cấp xã/thôn, người lao động làm việc không trọn thời gian và người quản lý doanh nghiệp/hợp tác xã. Văn bản quy định mức đóng 25%, lộ trình tham gia từ năm 2025 đến 2029 theo phương pháp nộp thuế, đồng thời siết chặt chế tài xử lý hành vi chậm đóng, trốn đóng BHXH.","Luật Bảo hiểm xã hội 2024 mở rộng đối tượng tham gia BHXH bắt buộc gồm chủ hộ kinh doanh, người lao động làm việc không trọn thời gian, người quản lý doanh nghiệp/hợp tác xã và người hoạt động không chuyên trách cấp xã/thôn; quy định mức đóng 25% thu nhập, phân chia vào các quỹ ốm đau, hưu trí và tử tuất, nêu rõ lộ trình tham gia từ năm 2025 đến 2029 và siết chặt chế tài xử lý hành vi chậm hoặc trốn đóng.","The 2024 Social Insurance Law expands mandatory participation to include household business owners, part-time employees, enterprise/cooperative managers, and non-full-time local officials; it stipulates a 25% contribution of income allocated to sickness, retirement, and survivor funds, specifies participation schedules from 2025 to 2029, and tightens penalties for late or evaded contributions."
https://youtu.be/BL-CsUCeKZs?si=37xzEkz9DaEAIjja,"Luật thuế giá trị gia tăng 2024 và Nghị quyết số 1985 của Quốc hội quy định hộ kinh doanh từ 2026 chuyển sang kê khai, tự nộp thuế theo doanh thu thực tế, chỉ những hộ có doanh thu từ 200 triệu đồng/năm trở lên phải nộp thuế. Quy định rõ phương pháp tính thuế GTGT, thuế thu nhập cá nhân, và lộ trình áp dụng. Bộ Tài chính đề xuất nâng ngưỡng miễn thuế lên 500 triệu đồng/năm. Đồng thời triển khai hóa đơn điện tử và các giải pháp số hỗ trợ hộ kinh doanh chuyển đổi, minh bạch hóa quản lý và kê khai thuế.","Luật Thuế giá trị gia tăng 2024 và Nghị quyết 1985 quy định từ năm 2026, hộ kinh doanh chuyển từ thuế khoán sang tự kê khai, nộp thuế theo doanh thu thực tế; ngưỡng doanh thu chịu thuế là từ 200 triệu đồng/năm (Bộ Tài chính đang đề xuất nâng lên 500 triệu đồng). Văn bản chi tiết hóa phương pháp tính thuế GTGT và TNCN theo tỷ lệ % doanh thu hoặc khấu trừ tùy mức doanh thu, đồng thời nhấn mạnh việc bắt buộc triển khai hóa đơn điện tử và các giải pháp số hỗ trợ chuyển đổi.","Luật Thuế giá trị gia tăng 2024 và Nghị quyết số 1985 của Quốc hội quy định từ năm 2026, hộ kinh doanh chuyển từ thuế khoán sang tự kê khai, nộp thuế theo doanh thu thực tế, với ngưỡng chịu thuế từ 200 triệu đồng/năm (Bộ Tài chính đề xuất nâng lên 500 triệu đồng), hướng dẫn phương pháp tính thuế GTGT, thuế TNCN và triển khai hóa đơn điện tử cùng các giải pháp số hỗ trợ chuyển đổi.","The 2024 Value Added Tax Law and Resolution No. 1985 of the National Assembly stipulate that from 2026, business households will switch from fixed tax to self-declaration, paying taxes based on actual revenue, with a taxable threshold from 200 million VND/year (the Ministry of Finance proposes raising it to 500 million VND), providing guidance on VAT and personal income tax calculation methods, and implementing electronic invoices along with digital solutions to support the transition."
https://youtu.be/5yhfa7Hz5sY?si=wwXOz3UJ9bRWjOg6,"Dự thảo luật thuế thu nhập cá nhân sửa đổi của Bộ Tài chính đề xuất hộ kinh doanh vượt ngưỡng miễn thuế sẽ tính thuế trên phần lợi nhuận thực tế thay vì toàn bộ doanh thu, cho phép khấu trừ chi phí hợp lý. Mức thuế áp dụng 15% trên lãi đối với hộ doanh thu dưới 3 tỷ đồng/năm; hộ không xác định được chi phí vẫn nộp theo tỉ lệ doanh thu. Phần doanh thu trong ngưỡng miễn thuế được trừ ra. Luật hướng tới minh bạch hóa, công bằng và hỗ trợ hộ kinh doanh chuyển đổi từ thuế khoán sang kê khai.","Dự thảo Luật Thuế thu nhập cá nhân sửa đổi đề xuất hộ kinh doanh có doanh thu dưới 3 tỷ đồng/năm được tính thuế 15% trên lợi nhuận (doanh thu trừ chi phí) thay vì áp trên toàn bộ doanh thu; trường hợp không xác định được chi phí vẫn nộp theo tỷ lệ 0,5% đến 2% doanh thu. Điểm mới quan trọng là chỉ tính thuế trên phần doanh thu vượt ngưỡng miễn thuế và Bộ Tài chính đang nghiên cứu nâng ngưỡng này (vượt mức 200 triệu đồng/năm) để phù hợp thực tế khi chuyển từ thuế khoán sang kê khai.","Dự thảo Luật Thuế thu nhập cá nhân sửa đổi đề xuất hộ kinh doanh có doanh thu dưới 3 tỷ đồng/năm nộp thuế 15% trên lợi nhuận thực tế (doanh thu trừ chi phí), phần doanh thu trong ngưỡng miễn thuế được trừ; hộ không xác định được chi phí nộp theo tỷ lệ doanh thu 0,5–2%. Luật hướng tới minh bạch, công bằng và hỗ trợ chuyển từ thuế khoán sang kê khai, Bộ Tài chính đang nghiên cứu nâng ngưỡng miễn thuế.","The draft amended Personal Income Tax Law proposes that business households with annual revenue under VND 3 billion pay 15% tax on actual profit (revenue minus expenses), with revenue within the tax exemption threshold deducted; households unable to determine expenses pay 0.5–2% of revenue. The law aims for transparency, fairness, and support for transitioning from lump-sum to declared taxation, with the Ministry of Finance considering raising the exemption threshold."
https://youtu.be/3EINqoyHB4U?si=LUIkpqPUj-FTNZvO,"Thủ tướng Chính phủ chỉ đạo khẩn trương tháo gỡ vướng mắc trong triển khai Nghị định 46 về an toàn thực phẩm, yêu cầu các bộ ngành ban hành văn bản hướng dẫn, thiết lập đường dây nóng, chuẩn bị cơ sở vật chất và nhân lực, đảm bảo thông quan thực phẩm, hàng hóa xuất nhập khẩu, hỗ trợ doanh nghiệp và thực hiện kiểm tra, kiểm nghiệm song song hoặc hậu kiểm.","Thủ tướng Chính phủ chỉ đạo khẩn trương ban hành Nghị quyết và các văn bản hướng dẫn để tháo gỡ vướng mắc của Nghị định 46, yêu cầu các Bộ (Y tế, Nông nghiệp và Phát triển nông thôn, Công Thương, Tài chính) và địa phương thiết lập đường dây nóng 24/7, bố trí nhân lực thông quan 24/7, cho phép thông quan ngay với hồ sơ đầy đủ và thực hiện kiểm tra mẫu song song hoặc hậu kiểm nhằm chấm dứt tình trạng ách tắc hàng hóa xuất nhập khẩu.","Thủ tướng Chính phủ chỉ đạo khẩn trương tháo gỡ vướng mắc Nghị định 46 về an toàn thực phẩm bằng cách ban hành Nghị quyết và văn bản hướng dẫn, thiết lập đường dây nóng 24/7, bố trí nhân lực và cơ sở vật chất để thông quan thực phẩm, hàng hóa xuất nhập khẩu ngay khi hồ sơ đầy đủ, đồng thời hỗ trợ doanh nghiệp và thực hiện kiểm tra, kiểm nghiệm song song hoặc hậu kiểm.","The Prime Minister urgently directs the resolution of obstacles under Decree 46 on food safety by issuing resolutions and guidance documents, establishing 24/7 hotlines, allocating personnel and facilities to allow immediate clearance of food and import-export goods with complete documentation, while supporting businesses and conducting parallel or post-inspection checks."
https://youtu.be/Q7jgPqNchW8?si=jFHW0cW8xnBYHCUD,"Công điện 08 của Thủ tướng Chính phủ chỉ đạo các bộ, ngành và địa phương khẩn trương triển khai nghị định 46 về kiểm tra thực phẩm, hàng hóa xuất nhập khẩu, đảm bảo thông quan kịp thời, không ách tắc. Văn bản yêu cầu thiết lập đường dây nóng 24/7, phối hợp kiểm tra, hậu kiểm, và báo cáo thường xuyên tình hình thực hiện cũng như kiến nghị giải pháp xử lý vướng mắc.","Công điện 08 của Thủ tướng Chính phủ yêu cầu các Bộ (Y tế, Nông nghiệp và Phát triển nông thôn, Công Thương, Tài chính) và địa phương khẩn trương ban hành hướng dẫn Nghị định 46, thiết lập đường dây nóng 24/7 và bố trí lực lượng làm việc 24/7 tại cửa khẩu để thông quan ngay hàng hóa có đủ hồ sơ, ưu tiên nông sản tươi sống; đồng thời cho phép kiểm tra mẫu song song hoặc hậu kiểm tại kho doanh nghiệp nhằm giải tỏa ách tắc xuất nhập khẩu.","Công điện 08 của Thủ tướng Chính phủ chỉ đạo các Bộ (Y tế, Nông nghiệp và Phát triển nông thôn, Công Thương, Tài chính) và địa phương khẩn trương triển khai Nghị định 46 về kiểm tra thực phẩm, hàng hóa xuất nhập khẩu, thiết lập đường dây nóng 24/7, bố trí lực lượng tại cửa khẩu, ưu tiên nông sản tươi sống, thực hiện kiểm tra song song hoặc hậu kiểm, đồng thời báo cáo tình hình và kiến nghị giải pháp xử lý vướng mắc.","Official Dispatch No. 08 of the Prime Minister directs the Ministries (Health, Agriculture and Rural Development, Industry and Trade, Finance) and localities to urgently implement Decree 46 on inspection of imported and exported food and goods, establish a 24/7 hotline, deploy staff at border gates, prioritize fresh agricultural products, conduct parallel or post-inspection checks, and report on implementation and propose solutions to resolve obstacles."
https://www.youtube.com/watch?v=_tOBLMO7mdo,"Chương trình tư vấn pháp luật thông tin về việc thực hiện luật Bảo hiểm xã hội năm 2024, bổ sung trợ cấp hưu trí xã hội cho người cao tuổi. Văn bản nêu rõ các nhóm đối tượng được hưởng trợ cấp, mức hưởng dự kiến, điều kiện và thủ tục nhận trợ cấp, đồng thời khuyến nghị xây dựng hệ thống an sinh xã hội bền vững và huy động nguồn lực xã hội hỗ trợ người cao tuổi.","Chương trình tư vấn về Luật Bảo hiểm xã hội 2024 bổ sung trợ cấp hưu trí xã hội cho người cao tuổi từ ngày 01/07/2025. Văn bản chi tiết hóa các nhóm đối tượng hưởng lợi (người từ đủ 75 tuổi không có lương hưu; người từ 70-75 tuổi thuộc hộ nghèo/cận nghèo), mức hưởng dự kiến (500.000đ - 1.500.000đ/tháng tùy đối tượng), điều kiện đối với người trên 60 tuổi chưa đủ điều kiện hưởng lương hưu và quy trình 4 bước nộp hồ sơ tại Ủy ban nhân dân cấp xã.","Chương trình tư vấn Luật Bảo hiểm xã hội 2024 hướng dẫn thực hiện trợ cấp hưu trí xã hội cho người cao tuổi từ ngày 01/07/2025, chi tiết các nhóm đối tượng hưởng lợi, mức hưởng 500.000đ - 1.500.000đ/tháng tùy đối tượng, điều kiện với người trên 60 tuổi chưa đủ điều kiện lương hưu và quy trình nộp hồ sơ 4 bước tại UBND cấp xã, đồng thời khuyến nghị xây dựng hệ thống an sinh xã hội bền vững và huy động nguồn lực xã hội hỗ trợ người cao tuổi.","The 2024 Social Insurance Law advisory program provides guidance on implementing social retirement allowances for the elderly from July 1, 2025, specifying beneficiary groups, benefits ranging from 500,000 VND to 1,500,000 VND per month depending on the group, conditions for those over 60 not yet eligible for pensions, and a 4-step application process at the commune-level People's Committee, while recommending the development of a sustainable social welfare system and mobilization of social resources to support the elderly."
https://youtu.be/vlPlZrJfHs8?si=xtwHSIsc-UQWbW3s,"Văn bản hướng dẫn thực hiện điều kiện tách thửa đất thổ cư theo Nghị quyết 254/2025/QH15 và luật Đất đai 2024, quy định về lối đi, chuyển mục đích sử dụng đất, hồ sơ hợp lệ, bản án quyết định tòa án, và quyền áp dụng các điều kiện địa phương. Văn bản yêu cầu UBND cấp tỉnh thực hiện tách thửa theo quy định và phong tục địa phương.","Quy định tách thửa đất thổ cư từ 01/01/2026 theo Nghị quyết 254/2025/QH15 và Luật Đất đai 2024 yêu cầu phải có lối đi kết nối giao thông công cộng, không bắt buộc chuyển mục đích sử dụng đất cho phần diện tích làm lối đi khi tách thửa; đồng thời quy định việc xử lý hồ sơ chuyển tiếp, phân chia đất theo bản án của Tòa án và giao UBND cấp tỉnh quy định cụ thể điều kiện, diện tích tối thiểu tách thửa phù hợp với địa phương.","Văn bản hướng dẫn thực hiện tách thửa đất thổ cư từ 01/01/2026 theo Nghị quyết 254/2025/QH15 và Luật Đất đai 2024, quy định lối đi kết nối giao thông công cộng, không bắt buộc chuyển mục đích sử dụng đất cho phần diện tích làm lối đi, xử lý hồ sơ chuyển tiếp, phân chia đất theo bản án của Tòa án, và giao UBND cấp tỉnh quy định cụ thể điều kiện, diện tích tối thiểu tách thửa phù hợp với phong tục và địa phương.","The document guides the subdivision of residential land from January 1, 2026, under Resolution 254/2025/QH15 and the 2024 Land Law, stipulating access paths connecting to public roads, no requirement to change land use for access areas, handling of transitional records, land division according to court rulings, and entrusting provincial People's Committees to specify conditions and minimum subdivision areas suitable to local customs and regions."
https://youtu.be/TtQXU6qL6To?si=mDPabOkR5ThBS72K,"Nghị quyết của Quốc hội điều chỉnh cơ chế tính tiền sử dụng đất khi chuyển mục đích sử dụng từ đất nông nghiệp sang đất ở, giảm mức nộp từ 100% xuống 30% phần chênh lệch trong hạn mức. Người dân đã nộp trước có thể đề nghị cơ quan thuế tính lại hoặc hoàn trả phần chênh lệch. Quy định nhằm giảm gánh nặng tài chính và đảm bảo công bằng trong thực hiện pháp luật đất đai.","Nghị quyết của Quốc hội quy định từ ngày 01/01/2026, người dân chuyển mục đích sử dụng đất nông nghiệp sang đất ở trong hạn mức chỉ phải nộp 30% phần chênh lệch tiền sử dụng đất; đồng thời cho phép những trường hợp đã nộp tiền từ khi Luật Đất đai 2024 có hiệu lực được đề nghị cơ quan thuế tính lại để khấu trừ hoặc hoàn trả phần chênh lệch nhằm giảm gánh nặng tài chính và đảm bảo tính công bằng.","Nghị quyết của Quốc hội quy định từ ngày 01/01/2026, người dân chuyển mục đích sử dụng đất nông nghiệp sang đất ở trong hạn mức chỉ phải nộp 30% phần chênh lệch tiền sử dụng đất; những trường hợp đã nộp tiền từ khi Luật Đất đai 2024 có hiệu lực có thể đề nghị cơ quan thuế tính lại hoặc hoàn trả phần chênh lệch nhằm giảm gánh nặng tài chính và đảm bảo công bằng.","The National Assembly's resolution stipulates that from January 1, 2026, citizens converting agricultural land to residential land within the quota need only pay 30% of the land use fee difference; those who have already paid since the Land Law 2024 took effect may request the tax authorities to recalculate or refund the difference to reduce financial burden and ensure fairness."
https://youtu.be/XzINSbtat6o?si=3CGhyNKqLhSSNkm4,"Văn bản tổng hợp các quy định về bảo hiểm xã hội, thu hồi đất, chi trả lương hưu, hướng nghiệp và phân luồng trong giáo dục, cũng như xếp lương công chức mới. Nội dung nêu rõ quyền, nghĩa vụ, thủ tục thực hiện và hướng dẫn cụ thể cho các đối tượng liên quan.","Văn bản tổng hợp các quy định pháp luật năm 2024-2026 về: điều kiện hưởng BHXH một lần; thẩm quyền và thủ tục thu hồi đất khi người dân tự nguyện trả lại; lịch chi trả lương hưu và trợ cấp BHXH tháng 4/2026 tại TP.HCM; trách nhiệm của Bộ Giáo dục và Đào tạo cùng các hình thức thực hiện hướng nghiệp, phân luồng; quy định về nhà giáo thỉnh giảng và hướng dẫn xếp lương đối với công chức được tuyển dụng từ ngày 01/5/2026.","Văn bản tổng hợp các quy định pháp luật năm 2024-2026 về bảo hiểm xã hội, thu hồi đất tự nguyện, chi trả lương hưu tháng 4/2026 tại TP.HCM, hướng nghiệp, phân luồng giáo dục, quy định về nhà giáo thỉnh giảng và xếp lương công chức từ ngày 01/5/2026, nêu rõ quyền, nghĩa vụ, thủ tục và hướng dẫn thực hiện cho các đối tượng liên quan.","The document consolidates 2024-2026 legal provisions on social insurance, voluntary land recovery, pension payments in April 2026 in Ho Chi Minh City, career guidance, educational streamlining, visiting teacher regulations, and civil servant salary grading from May 1, 2026, specifying rights, obligations, procedures, and implementation guidance for relevant parties."
https://youtu.be/pcAk585Gu7k?si=_SYC-4JIy_7v38VE,"Dự thảo Luật viên chức 2025 quy định quản lý, tuyển dụng và sử dụng viên chức dựa trên vị trí việc làm, năng lực và hiệu quả thực hiện nhiệm vụ, thay vì chủ yếu dựa trên chức danh nghề nghiệp. Văn bản nêu rõ việc xây dựng bản mô tả công việc, khung năng lực, mã vị trí và chia ba nhóm vị trí việc làm trong đơn vị sự nghiệp công lập. Thời hạn thực hiện chậm nhất đến 01/5/2027, bao gồm hoàn thành bố trí vị trí việc làm, xếp lương và xây dựng hệ thống dữ liệu kết nối toàn quốc. Văn bản cũng đề xuất tuyển dụng linh hoạt, tiếp nhận nhân lực chất lượng cao, và điều chỉnh vị trí hoặc thôi việc nếu không đáp ứng yêu cầu.","Dự thảo Luật viên chức 2025 quy định quản lý, tuyển dụng và sử dụng viên chức dựa trên vị trí việc làm, năng lực và hiệu quả thực hiện nhiệm vụ, thay vì chủ yếu dựa trên chức danh nghề nghiệp. Văn bản nêu rõ việc xây dựng bản mô tả công việc, khung năng lực, mã vị trí và chia ba nhóm vị trí việc làm trong đơn vị sự nghiệp công lập. Thời hạn thực hiện chậm nhất đến 01/5/2027, bao gồm hoàn thành bố trí vị trí việc làm, xếp lương và xây dựng hệ thống dữ liệu kết nối toàn quốc. Văn bản cũng đề xuất tuyển dụng linh hoạt, tiếp nhận nhân lực chất lượng cao, và điều chỉnh vị trí hoặc thôi việc nếu không đáp ứng yêu cầu.","Dự thảo Luật viên chức 2025 quy định quản lý, tuyển dụng và sử dụng viên chức dựa trên vị trí việc làm, năng lực và hiệu quả công việc, thay vì chủ yếu dựa trên chức danh nghề nghiệp; xây dựng bản mô tả công việc, khung năng lực, mã vị trí và chia ba nhóm vị trí việc làm trong đơn vị sự nghiệp công lập, với thời hạn thực hiện chậm nhất đến 01/5/2027, bao gồm bố trí vị trí, xếp lương và xây dựng hệ thống dữ liệu kết nối toàn quốc, đồng thời cho phép tuyển dụng linh hoạt, tiếp nhận nhân lực chất lượng cao và điều chỉnh hoặc thôi việc nếu không đáp ứng yêu cầu.","The 2025 Draft Law on Public Employees regulates management, recruitment, and utilization of public employees based on job positions, competencies, and performance rather than job titles; it requires creating job descriptions, competency frameworks, position codes, and dividing three groups of positions in public service units, with implementation no later than May 1, 2027, including position allocation, salary grading, and nationwide data system development, while allowing flexible recruitment, high-quality personnel intake, and position adjustment or dismissal if requirements are not met."
https://youtu.be/WSmgtfYp45U?si=S6-wU20s-pB9TOIh,"Luật nhà giáo quy định chế độ nghỉ hưu cho nhà giáo từ năm 2026, gồm nghỉ hưu theo tuổi quy định của luật lao động, nghỉ hưu trước tuổi tối đa giảm 5 năm với cơ sở mầm non và nghỉ hưu ở tuổi cao hơn đối với nhà giáo có chức danh giáo sư, phó giáo sư, tiến sĩ hoặc làm việc trong ngành, lĩnh vực chuyên sâu đặc thù. Thời gian nghỉ hưu ở tuổi cao hơn được giới hạn theo chức danh, nhà giáo không giữ chức vụ quản lý và thực hiện chế độ tự nguyện, đảm bảo sức khỏe. Chính phủ hướng dẫn chi tiết quy trình, thủ tục và chế độ nghỉ hưu ở tuổi cao hơn.","Luật Nhà giáo có hiệu lực từ 01/5/2026 quy định chế độ nghỉ hưu: nhà giáo mầm non có thể nghỉ hưu sớm tối đa 5 tuổi (không bị giảm tỷ lệ lương hưu nếu đủ 15 năm đóng BHXH); nhà giáo có chức danh GS, PGS, tiến sĩ hoặc lĩnh vực đặc thù tại cơ sở công lập có thể nghỉ hưu ở tuổi cao hơn (thêm tối đa 5 năm với tiến sĩ, 7 năm với PGS, 10 năm với GS) trên tinh thần tự nguyện, không giữ chức vụ quản lý và cơ sở giáo dục có nhu cầu.","Luật Nhà giáo có hiệu lực từ 01/5/2026, quy định nhà giáo nghỉ hưu theo tuổi luật lao động; giáo viên mầm non được nghỉ sớm tối đa 5 năm nếu đủ 15 năm đóng BHXH; giáo viên có chức danh GS, PGS, tiến sĩ hoặc làm việc trong lĩnh vực đặc thù có thể nghỉ hưu ở tuổi cao hơn theo tự nguyện, không giữ chức vụ quản lý, với thời gian tối đa theo chức danh. Chính phủ hướng dẫn chi tiết quy trình, thủ tục và chế độ nghỉ hưu ở tuổi cao hơn.","The Law on Teachers, effective from May 1, 2026, stipulates retirement ages according to labor law; preschool teachers may retire up to 5 years early if they have at least 15 years of social insurance contributions; teachers with the titles of Professor, Associate Professor, Doctor, or in specialized fields may retire later voluntarily, without holding management positions, with maximum additional years based on title. The Government provides detailed guidance on procedures and conditions for later retirement."
https://youtu.be/rhuYoCYwO2A?si=EF6CDupezFchmuoc,"Dự thảo luật nhà giáo do Bộ Giáo dục và Đào tạo ban hành quy định cụ thể về chức năng, nhiệm vụ, quyền và nghĩa vụ của nhà giáo, đồng thời nghiêm cấm các hành vi vi phạm như xúc phạm danh dự, nhân phẩm, thân thể người học, đồng nghiệp, lợi dụng danh nghĩa nhà giáo, gian lận trong hoạt động kiểm tra, tuyển sinh, ép buộc học thêm và các hành vi trái pháp luật khác.","Dự thảo Luật Nhà giáo do Bộ Giáo dục và Đào tạo ban hành quy định các hành vi bị nghiêm cấm đối với nhà giáo (xúc phạm danh dự, thân thể người học và đồng nghiệp; phân biệt đối xử; gian lận thi cử; ép buộc học thêm; thu tiền sai quy định; cho mượn chứng chỉ hành nghề) và nghiêm cấm tổ chức, cá nhân xúc phạm danh dự, thân thể hoặc cản trở hoạt động nghề nghiệp của nhà giáo.","Dự thảo Luật Nhà giáo do Bộ Giáo dục và Đào tạo ban hành quy định chức năng, nhiệm vụ, quyền và nghĩa vụ của nhà giáo, đồng thời nghiêm cấm các hành vi vi phạm như xúc phạm danh dự, nhân phẩm, thân thể người học và đồng nghiệp; phân biệt đối xử; lợi dụng danh nghĩa nhà giáo; gian lận trong kiểm tra, tuyển sinh; ép buộc học thêm; thu tiền sai quy định; cho mượn chứng chỉ hành nghề; và các hành vi trái pháp luật khác, cũng như nghiêm cấm tổ chức, cá nhân cản trở hoạt động nghề nghiệp của nhà giáo.","The Draft Law on Teachers issued by the Ministry of Education and Training stipulates the functions, duties, rights, and obligations of teachers, while strictly prohibiting acts such as insulting the honor, dignity, or body of students and colleagues; discrimination; misuse of the teacher title; cheating in examinations and admissions; forcing extra classes; illegal collection of fees; lending professional certificates; and other unlawful acts, as well as prohibiting organizations and individuals from obstructing teachers' professional activities."
https://youtu.be/aIaCpdZH92w?si=qr_IDuykpCX6KSQy,"Phó Thủ tướng Hồ Đức Phước chủ trì họp với các bộ, ngành và hiệp hội doanh nghiệp về dự án luật thuế thu nhập cá nhân thay thế, lắng nghe báo cáo và góp ý, nhấn mạnh việc nghiên cứu kỹ lưỡng tác động của luật, đặc biệt về thuế thu nhập từ chuyển nhượng bất động sản, cổ phiếu và mức giảm trừ gia cảnh, yêu cầu Bộ Tài chính tiếp thu ý kiến hợp lý để hoàn thiện dự thảo luật chất lượng cao, đảm bảo khả thi khi ban hành.","Phó Thủ tướng Hồ Đức Phớc chủ trì cuộc họp về dự án Luật Thuế thu nhập cá nhân thay thế, nhấn mạnh việc nghiên cứu kỹ tác động đời sống dân sinh và yêu cầu Bộ Tài chính tiếp thu ý kiến góp ý về tính thuế trong chuyển nhượng bất động sản, cổ phiếu, cổ tức, cổ phiếu thưởng và mức giảm trừ gia cảnh để hoàn thiện dự thảo đảm bảo tính khả thi.","Phó Thủ tướng Hồ Đức Phước chủ trì họp về dự án Luật Thuế thu nhập cá nhân thay thế, nghe báo cáo và góp ý, nhấn mạnh nghiên cứu kỹ tác động đối với thuế thu nhập từ chuyển nhượng bất động sản, cổ phiếu, cổ tức, cổ phiếu thưởng và mức giảm trừ gia cảnh, yêu cầu Bộ Tài chính tiếp thu ý kiến để hoàn thiện dự thảo luật đảm bảo chất lượng và tính khả thi.","Deputy Prime Minister Hồ Đức Phước chaired a meeting on the draft Personal Income Tax Law replacement, reviewing reports and feedback, emphasizing thorough study of impacts on income tax from real estate transfers, stocks, dividends, bonus shares, and personal deductions, and directing the Ministry of Finance to incorporate suggestions to finalize a high-quality and feasible draft law."
https://youtu.be/oa-MPQPm7QM?si=aX3-JGvaMsUzg4vu,"Chính phủ ban hành Nghị quyết số 151/2025 thống nhất nội dung dự án luật sửa đổi, bổ sung một số điều của 11 luật do Bộ Quốc phòng trình, giao Bộ trưởng Bộ Quốc phòng chịu trách nhiệm tiếp thu ý kiến của thành viên Chính phủ, hoàn thiện hồ sơ dự án luật, phối hợp với cơ quan Quốc hội báo cáo, giải trình và đảm bảo đúng quy định pháp luật.","Chính phủ ban hành Nghị quyết số 151/2025 thống nhất nội dung dự án Luật sửa đổi, bổ sung một số điều của 11 luật do Bộ Quốc phòng trình; giao Bộ trưởng Bộ Quốc phòng hoàn thiện hồ sơ, thừa ủy quyền Thủ tướng ký tờ trình trình Quốc hội và phối hợp báo cáo, giải trình trong quá trình thẩm tra theo quy định.","Chính phủ ban hành Nghị quyết số 151/2025 thống nhất nội dung dự án Luật sửa đổi, bổ sung một số điều của 11 luật do Bộ Quốc phòng trình; giao Bộ trưởng Bộ Quốc phòng hoàn thiện hồ sơ, tiếp thu ý kiến thành viên Chính phủ, phối hợp báo cáo, giải trình với cơ quan Quốc hội và, thừa ủy quyền Thủ tướng, trình tờ trình theo quy định pháp luật.","The Government issued Resolution No. 151/2025 approving the content of the draft Law amending and supplementing certain provisions of 11 laws submitted by the Ministry of National Defense; the Minister of National Defense is tasked with completing the dossier, incorporating government members' feedback, coordinating reporting and explanation to the National Assembly, and, on behalf of the Prime Minister, submitting the proposal in accordance with legal regulations."
https://youtu.be/rtZEfZFQt4w?si=raI3NzXGJ1_W59JC,"Quyết định số 1452/QĐ-TTG ban hành kế hoạch triển khai thi hành Luật sửa đổi, bổ sung một số điều của Bộ luật Hình sự và Bộ luật Tố tụng Hình sự, bao gồm rà soát, hệ thống hóa văn bản quy phạm pháp luật, rà soát các vụ án, xây dựng văn bản hướng dẫn thi hành và tổ chức tuyên truyền, phổ biến luật. Các bộ, cơ quan và UBND cấp tỉnh thực hiện theo chức năng, nhiệm vụ và báo cáo Bộ Công an để tổng hợp, trình Thủ tướng Chính phủ.","Quyết định số 1452/QĐ-TTg ban hành kế hoạch triển khai thi hành Luật sửa đổi, bổ sung một số điều của Bộ luật Hình sự và Bộ luật Tố tụng Hình sự, gồm các nội dung: rà soát văn bản quy phạm pháp luật; rà soát vụ án để chuyển hình phạt tử hình thành tù chung thân theo quy định; xây dựng văn bản hướng dẫn thi hành và tổ chức tuyên truyền. Các bộ, ngành, địa phương thực hiện rà soát, thống kê văn bản cần sửa đổi, bổ sung, thay thế hoặc bãi bỏ gửi Bộ Công an tổng hợp, báo cáo Thủ tướng Chính phủ.","Quyết định số 1452/QĐ-TTg ban hành kế hoạch triển khai thi hành Luật sửa đổi, bổ sung một số điều của Bộ luật Hình sự và Bộ luật Tố tụng Hình sự, bao gồm rà soát văn bản quy phạm pháp luật, rà soát vụ án (bao gồm chuyển hình phạt tử hình thành tù chung thân), xây dựng văn bản hướng dẫn thi hành, tổ chức tuyên truyền, và các bộ, ngành, địa phương thực hiện theo chức năng, nhiệm vụ, tổng hợp báo cáo Bộ Công an để trình Thủ tướng Chính phủ.","Decision No. 1452/QD-TTg issues a plan to implement the amended provisions of the Criminal Code and the Criminal Procedure Code, including reviewing legal documents, reviewing cases (including converting death sentences to life imprisonment), drafting implementing guidelines, conducting dissemination, with ministries, sectors, and localities performing their functions and reporting to the Ministry of Public Security for submission to the Prime Minister."
https://youtu.be/soKx3AJik8Q?si=iVbEdJ_1HCrgDiMe,"Thủ tướng Phạm Minh Chính chủ trì phiên họp Ban Chỉ đạo về rà soát và xử lý vướng mắc pháp luật, nhấn mạnh kinh nghiệm xây dựng thể chế, yêu cầu bám sát chủ trương của Đảng, thực tiễn, đề cao trách nhiệm người đứng đầu, phối hợp chặt chẽ giữa các cơ quan, địa phương và phát huy đóng góp của người dân, doanh nghiệp để hoàn thiện pháp luật kịp thời, phục vụ phát triển bền vững.","Thủ tướng Phạm Minh Chính chủ trì phiên họp thứ bảy Ban Chỉ đạo rà soát, xử lý vướng mắc pháp luật, chỉ ra 5 bài học kinh nghiệm và yêu cầu lãnh đạo các bộ, ngành, địa phương chủ động hoàn thiện thể chế, không để tình trạng luật chờ nghị định, nghị định chờ thông tư, nhằm tháo gỡ các điểm nghẽn, tạo động lực phát triển đất nước nhanh và bền vững.","Thủ tướng Phạm Minh Chính chủ trì phiên họp thứ bảy Ban Chỉ đạo rà soát và xử lý vướng mắc pháp luật, nhấn mạnh kinh nghiệm xây dựng thể chế, yêu cầu lãnh đạo các bộ, ngành, địa phương bám sát chủ trương của Đảng, thực tiễn, đề cao trách nhiệm người đứng đầu, phối hợp chặt chẽ giữa các cơ quan, địa phương, không để luật chờ nghị định, nghị định chờ thông tư, đồng thời phát huy đóng góp của người dân, doanh nghiệp để hoàn thiện pháp luật kịp thời, phục vụ phát triển nhanh và bền vững.","Prime Minister Pham Minh Chinh presided over the seventh meeting of the Steering Committee on reviewing and resolving legal obstacles, emphasizing institutional development experience, requiring leaders of ministries, sectors, and localities to follow Party guidelines and practical realities, uphold the responsibility of heads, coordinate closely among agencies and localities, prevent laws from waiting for decrees and decrees from waiting for circulars, while leveraging contributions from citizens and businesses to timely complete legislation and support rapid and sustainable development."
https://youtu.be/heHocM8_ErA?si=GpXhzrnZP31_Mxrz,"Nghị định 227/2025/NĐ-CP sửa đổi, bổ sung một số điều của Nghị định 156/2018/NĐ-CP về thi hành Luật Lâm nghiệp, quy định các loại dự án được tạm sử dụng rừng, điều kiện, thẩm quyền, phê duyệt và hồ sơ đề nghị phê duyệt dự án.","Nghị định 227/2025/NĐ-CP sửa đổi, bổ sung Nghị định 156/2018/NĐ-CP quy định chi tiết Luật Lâm nghiệp, trong đó liệt kê cụ thể các loại dự án được tạm sử dụng rừng (đầu tư công, PPP, dầu khí, quốc phòng, an ninh, năng lượng, hạ tầng thiết yếu, giao thông, thủy lợi, tôn tạo di tích quốc gia) cùng các điều kiện, thẩm quyền và hồ sơ phê duyệt liên quan.","Nghị định 227/2025/NĐ-CP sửa đổi, bổ sung Nghị định 156/2018/NĐ-CP về thi hành Luật Lâm nghiệp, quy định chi tiết các loại dự án được tạm sử dụng rừng (bao gồm đầu tư công, PPP, dầu khí, quốc phòng, an ninh, năng lượng, hạ tầng thiết yếu, giao thông, thủy lợi, tôn tạo di tích quốc gia), cùng các điều kiện, thẩm quyền và hồ sơ phê duyệt dự án.","Decree No. 227/2025/ND-CP amends and supplements Decree No. 156/2018/ND-CP on the implementation of the Forestry Law, specifying the types of projects permitted for temporary forest use (including public investment, PPP, oil and gas, defense, security, energy, essential infrastructure, transportation, irrigation, and national monument restoration), as well as the conditions, authorities, and approval dossiers required."
https://youtu.be/RziE0BF9k2Q?si=YKizOrWnSPtyRsz2,"Nghị quyết số 97/NQ-CP ngày 24/6/2024 về xây dựng pháp luật, giao Bộ Công Thương hoàn thiện dự thảo Luật Hóa chất sửa đổi, bảo đảm phân cấp, phân quyền, cải cách thủ tục hành chính, ứng dụng công nghệ và chuyển đổi số, đồng thời tăng cường quản lý, kiểm tra, giám sát, phòng ngừa sự cố và hành vi tiêu cực trong quản lý hóa chất.","Nghị quyết số 97/NQ-CP ngày 24/6/2024 về xây dựng pháp luật, giao Bộ Công Thương hoàn thiện dự thảo Luật Hóa chất sửa đổi, bảo đảm phân cấp, phân quyền, cải cách thủ tục hành chính, không phát sinh khâu trung gian và chi phí bất hợp lý, làm rõ trách nhiệm quản lý không chồng chéo, đồng thời tăng cường giám sát, phòng ngừa sự cố và chấm dứt tình trạng ""xin - cho"" trong hoạt động hóa chất.","Nghị quyết số 97/NQ-CP ngày 24/6/2024 giao Bộ Công Thương hoàn thiện dự thảo Luật Hóa chất sửa đổi, bảo đảm phân cấp, phân quyền, cải cách thủ tục hành chính, không phát sinh chi phí và khâu trung gian không cần thiết, làm rõ trách nhiệm quản lý, ứng dụng công nghệ và chuyển đổi số, đồng thời tăng cường quản lý, kiểm tra, giám sát, phòng ngừa sự cố và hành vi tiêu cực trong hoạt động hóa chất.","Resolution No. 97/NQ-CP dated June 24, 2024 assigns the Ministry of Industry and Trade to complete the draft amended Chemicals Law, ensuring decentralization, delegation of authority, administrative procedure reform without unnecessary costs or intermediary steps, clarifying management responsibilities, applying technology and digital transformation, while strengthening management, inspection, supervision, and prevention of incidents and misconduct in chemical activities."
https://youtu.be/XJgF1fLpfMI?si=imV6cyAboRc1yMzs,"Bộ Khoa học và Công nghệ đề nghị xây dựng Luật Năng lượng nguyên tử sửa đổi nhằm hoàn thiện cơ sở pháp lý, thúc đẩy phát triển ứng dụng năng lượng nguyên tử, bảo đảm an toàn, an ninh, quản lý chất thải phóng xạ, ứng phó sự cố và trách nhiệm dân sự, đồng thời hoàn thiện quản lý nhà nước về năng lượng nguyên tử.","Bộ Khoa học và Công nghệ đề nghị xây dựng Luật Năng lượng nguyên tử sửa đổi nhằm hoàn thiện cơ sở pháp lý, góp phần phát triển kinh tế - xã hội, bảo vệ môi trường và an ninh quốc gia; đồng thời thúc đẩy ứng dụng năng lượng nguyên tử, tăng cường hợp tác quốc tế, đào tạo nguồn nhân lực, bảo đảm an toàn, an ninh, quản lý chất thải phóng xạ, ứng phó sự cố, trách nhiệm dân sự và hoàn thiện công tác quản lý nhà nước, bao gồm cấp phép, thanh tra, kiểm tra và xử lý vi phạm.","Bộ Khoa học và Công nghệ đề xuất xây dựng Luật Năng lượng nguyên tử sửa đổi nhằm hoàn thiện cơ sở pháp lý, thúc đẩy phát triển ứng dụng năng lượng nguyên tử, bảo đảm an toàn, an ninh, quản lý chất thải phóng xạ, ứng phó sự cố, trách nhiệm dân sự, góp phần phát triển kinh tế - xã hội, bảo vệ môi trường và an ninh quốc gia, đồng thời tăng cường hợp tác quốc tế, đào tạo nguồn nhân lực và hoàn thiện quản lý nhà nước bao gồm cấp phép, thanh tra, kiểm tra và xử lý vi phạm.","The Ministry of Science and Technology proposes the amended Atomic Energy Law to improve the legal framework, promote the development and application of atomic energy, ensure safety, security, radioactive waste management, emergency response, civil liability, contribute to socio-economic development, environmental protection, and national security, while enhancing international cooperation, human resource training, and improving state management including licensing, inspection, supervision, and handling violations."
https://youtu.be/4_PrxoP9mXo?si=7MC9Y4ka6_lI3P48,"Quyết định số 1742/QĐ-TTG ngày 14/8/2025 ban hành kế hoạch triển khai thi hành Luật sửa đổi, bổ sung một số điều của Luật Chất lượng sản phẩm, hàng hóa, xác định nội dung công việc, thời hạn, tiến độ và trách nhiệm của các cơ quan, tổ chức, bảo đảm phối hợp thống nhất, nâng cao nhận thức, phân loại rủi ro sản phẩm và ứng dụng công nghệ số trong quản lý chất lượng.","Quyết định số 1742/QĐ-TTg ngày 14/08/2025 ban hành kế hoạch triển khai thi hành Luật sửa đổi, bổ sung một số điều của Luật Chất lượng sản phẩm, hàng hóa nhằm bảo đảm sự phối hợp thống nhất giữa các cơ quan, xác định rõ trách nhiệm, tiến độ, đồng thời chú trọng phân loại rủi ro sản phẩm và ứng dụng công nghệ số, truy xuất nguồn gốc trong quản lý.","Quyết định số 1742/QĐ-TTg ngày 14/08/2025 ban hành kế hoạch triển khai thi hành Luật sửa đổi, bổ sung một số điều của Luật Chất lượng sản phẩm, hàng hóa, xác định nội dung công việc, thời hạn, tiến độ, trách nhiệm của các cơ quan, đảm bảo phối hợp thống nhất, nâng cao nhận thức, phân loại rủi ro sản phẩm và ứng dụng công nghệ số, bao gồm truy xuất nguồn gốc, trong quản lý chất lượng.","Decision No. 1742/QD-TTg dated August 14, 2025, issues the implementation plan for the amended Law on Product and Goods Quality, specifying tasks, deadlines, progress, and responsibilities of agencies, ensuring coordinated implementation, raising awareness, classifying product risks, and applying digital technologies, including traceability, in quality management."
https://youtu.be/wGndW6hsY3Q?si=k11KqBrtQOJ-ePQM,"Luật Dữ liệu được Quốc hội thông qua có hiệu lực từ 1/7/2025, Thủ tướng Chính phủ ban hành kế hoạch triển khai thi hành luật nhằm xác định nội dung công việc, thời hạn, tiến độ, trách nhiệm của các cơ quan, cơ chế phối hợp giữa các Bộ, cơ quan, địa phương, đồng thời nâng cao nhận thức và trách nhiệm trong thi hành luật trên toàn quốc.","Luật Dữ liệu (thông qua ngày 30/11/2024, hiệu lực từ 01/7/2025) được Thủ tướng Chính phủ ban hành kế hoạch triển khai nhằm xác định cụ thể nội dung công việc, thời hạn, trách nhiệm và cơ chế phối hợp giữa các Bộ, ngành, địa phương, đồng thời nâng cao nhận thức về luật trên phạm vi cả nước.","Luật Dữ liệu, được Quốc hội thông qua ngày 30/11/2024 và có hiệu lực từ 01/7/2025, được Thủ tướng Chính phủ ban hành kế hoạch triển khai nhằm xác định nội dung công việc, thời hạn, tiến độ, trách nhiệm của các cơ quan, cơ chế phối hợp giữa các Bộ, ngành, địa phương và nâng cao nhận thức, trách nhiệm thực thi luật trên toàn quốc.","The Data Law, passed by the National Assembly on November 30, 2024, and effective from July 1, 2025, has an implementation plan issued by the Prime Minister to define work content, deadlines, progress, agency responsibilities, coordination mechanisms among ministries, sectors, and localities, and to raise nationwide awareness and accountability in enforcing the law."
https://youtu.be/nYuRc7XdHyU?si=c006gO1ftczbmhr3,"Luật Đất đai, Luật Nhà ở và Luật Kinh doanh bất động sản có hiệu lực từ 01/8/2024, đánh dấu bước tiến quan trọng trong hoàn thiện thể chế và phát triển thị trường bất động sản minh bạch, bền vững. Chính phủ và Bộ Xây dựng đã chuẩn bị các nghị định, văn bản hướng dẫn thi hành, đảm bảo đồng bộ pháp luật, khắc phục vướng mắc, điều chỉnh cung cầu, ổn định giá bất động sản và nâng cao hiệu lực thi hành luật.","Luật Đất đai, Luật Nhà ở và Luật Kinh doanh bất động sản chính thức có hiệu lực từ ngày 01/8/2024, đi kèm với các Nghị định, văn bản hướng dẫn chi tiết nhằm đảm bảo tính đồng bộ của hệ thống pháp luật, tháo gỡ vướng mắc cung cầu, ổn định giá thành và giúp thị trường bất động sản phát triển minh bạch, bền vững.","Luật Đất đai, Luật Nhà ở và Luật Kinh doanh bất động sản có hiệu lực từ ngày 01/8/2024, đi kèm các nghị định và văn bản hướng dẫn nhằm đảm bảo đồng bộ pháp luật, khắc phục vướng mắc, điều chỉnh cung cầu, ổn định giá bất động sản và thúc đẩy thị trường minh bạch, bền vững.","The Land Law, Housing Law, and Real Estate Business Law take effect on August 1, 2024, accompanied by decrees and guiding documents to ensure legal consistency, resolve issues, regulate supply and demand, stabilize property prices, and promote a transparent and sustainable real estate market."
https://www.youtube.com/watch?v=moimyHk51ec,"Quyết định số 225 QĐ-TG ban hành kế hoạch triển khai thi hành Luật Công nghệ cao, bao gồm năm nhiệm vụ cụ thể: xây dựng và ban hành văn bản hướng dẫn, phổ biến giáo dục pháp luật, gia soát hệ thống văn bản, tổ chức hội nghị, và truyền thông để các bộ, ngành, địa phương thực hiện đầy đủ và đồng bộ.","Quyết định số 225/QĐ-TTg ban hành kế hoạch triển khai thi hành Luật Công nghệ cao với các nhiệm vụ trọng tâm: xây dựng văn bản quy phạm pháp luật chi tiết, phổ biến giáo dục pháp luật, rà soát hệ thống hóa văn bản và tổ chức hội nghị, tọa đàm truyền thông nhằm triển khai luật đồng bộ trên phạm vi cả nước.","Quyết định số 225/QĐ-TTg ban hành kế hoạch triển khai thi hành Luật Công nghệ cao, bao gồm các nhiệm vụ: xây dựng và ban hành văn bản hướng dẫn chi tiết, phổ biến và giáo dục pháp luật, rà soát, hệ thống hóa văn bản, tổ chức hội nghị, tọa đàm và truyền thông nhằm thực hiện đồng bộ trên toàn quốc.","Decision No. 225/QD-TTg issues the implementation plan for the High Technology Law, including tasks of developing and issuing detailed guiding documents, legal dissemination and education, reviewing and systematizing legal documents, and organizing conferences, seminars, and communications to ensure nationwide coordinated implementation."
https://youtu.be/Rcu10JTemxE?si=GWb4rOXFZq3sIZDB,"Phó Thủ tướng Chính phủ Nguyễn Chí Dũng chỉ đạo tổng kết công tác năm 2025 và triển khai nhiệm vụ năm 2026 của ngành khoa học và công nghệ, ghi nhận các kết quả đạt được, định hướng triển khai nhiệm vụ trọng tâm như rà soát chương trình công tác, ban hành văn bản hướng dẫn thi hành luật, đầu tư hạ tầng dữ liệu, tập trung nguồn lực vào các sản phẩm công nghệ chiến lược, và phát huy chính sách thu hút nhân tài.","Phó Thủ tướng Nguyễn Chí Dũng chỉ đạo ngành khoa học và công nghệ năm 2026 cần tập trung hoàn thiện thể chế, ban hành văn bản hướng dẫn luật trong quý 1/2026, đầu tư hạ tầng dữ liệu và nhân lực chất lượng cao, tái cơ cấu các chương trình quốc gia vào 6 nhóm sản phẩm công nghệ chiến lược và thực hiện các chính sách thu hút nhân tài.","Phó Thủ tướng Nguyễn Chí Dũng chỉ đạo tổng kết công tác năm 2025 và triển khai nhiệm vụ năm 2026 của ngành khoa học và công nghệ, tập trung hoàn thiện thể chế, ban hành văn bản hướng dẫn luật trong quý 1/2026, đầu tư hạ tầng dữ liệu và nhân lực chất lượng cao, tái cơ cấu chương trình quốc gia thành 6 nhóm sản phẩm công nghệ chiến lược, và thực hiện các chính sách thu hút nhân tài.","Deputy Prime Minister Nguyen Chi Dung directs the review of 2025 activities and the implementation of 2026 tasks for the science and technology sector, focusing on institutional improvements, issuing legal guidance documents in Q1/2026, investing in data infrastructure and high-quality human resources, restructuring national programs into six strategic technology product groups, and implementing talent attraction policies."
https://www.youtube.com/watch?v=U5ttx2UkWwU,"Ủy ban Thường vụ Quốc hội thông qua các nghị quyết về sắp xếp đơn vị hành chính cấp huyện và cấp xã giai đoạn 2023–2025 của 12 tỉnh, nhằm tinh gọn bộ máy, nâng cao hiệu lực hiệu quả và cải thiện đời sống người dân. Nghị quyết xác định số lượng đơn vị hành chính giảm, thời điểm có hiệu lực thi hành, và yêu cầu địa phương thực hiện nghiêm túc, tuyên truyền cho nhân dân, ổn định hệ thống chính trị, giải quyết khó khăn cho cán bộ và người dân.","Ủy ban Thường vụ Quốc hội thông qua nghị quyết sắp xếp đơn vị hành chính cấp huyện, xã giai đoạn 2023–2025 của 12 tỉnh thành; kết quả giảm 01 huyện, 161 xã và dôi dư hơn 3400 cán bộ. Chủ tịch Quốc hội yêu cầu các địa phương nghiêm túc triển khai từ 01/01/2025 (riêng Sơn La từ 01/02/2025), chú trọng tuyên truyền tạo đồng thuận, ổn định hệ thống chính trị và giải quyết kịp thời vướng mắc về thủ tục hành chính cho người dân, doanh nghiệp.","Ủy ban Thường vụ Quốc hội thông qua nghị quyết sắp xếp đơn vị hành chính cấp huyện, xã giai đoạn 2023–2025 của 12 tỉnh, giảm 01 huyện, 161 xã và dôi dư hơn 3.400 cán bộ, nhằm tinh gọn bộ máy, nâng cao hiệu lực hiệu quả và cải thiện đời sống người dân; nghị quyết có hiệu lực từ 01/01/2025 (Sơn La từ 01/02/2025) và yêu cầu địa phương triển khai nghiêm túc, tuyên truyền tạo đồng thuận, ổn định hệ thống chính trị, giải quyết khó khăn cho cán bộ, người dân và thủ tục hành chính cho doanh nghiệp.","The Standing Committee of the National Assembly approved resolutions on the reorganization of district- and commune-level administrative units in 12 provinces for 2023–2025, reducing 1 district, 161 communes, and over 3,400 surplus officials, aiming to streamline administration, enhance effectiveness, and improve citizens’ lives; effective from January 1, 2025 (February 1, 2025 for Son La), with localities required to implement strictly, promote consensus, stabilize the political system, and address difficulties for officials, residents, and administrative procedures for businesses."
https://www.youtube.com/watch?v=DCUy0IRzoHI,"Sau bão số 13, các lực lượng công an, bộ đội, biên phòng và dân quân đã được huy động hỗ trợ người dân tại Đắk Lắc và Gia Lai khắc phục hậu quả, dọn dẹp cây gãy, nhà ngập, sửa chữa trường học và thông đường giao thông. Tỉnh cũng triển khai phương án hỗ trợ lâu dài, ổn định cuộc sống và tái định cư cho người dân. Hoạt động này nhằm giảm thiệt hại, bảo đảm an toàn và phục hồi đời sống người dân sau thiên tai.","Sau bão số 13, hàng nghìn cán bộ chiến sĩ công an, bộ đội và dân quân đã được huy động tại Đắk Lắc và Gia Lai để hỗ trợ nhân dân khắc phục hậu quả như sửa chữa nhà cửa, dọn dẹp cây đổ, thông tuyến đường và hỗ trợ các trường học. Bên cạnh việc giải quyết hậu quả trước mắt, chính quyền tỉnh còn tính toán phương án lâu dài để đưa người dân vùng nguy hiểm đến khu tái định cư nhằm ổn định cuộc sống.","Sau bão số 13, lực lượng công an, bộ đội, biên phòng và dân quân tại Đắk Lắc và Gia Lai đã được huy động hỗ trợ người dân khắc phục hậu quả như dọn dẹp cây đổ, sửa chữa nhà cửa, thông tuyến đường và trường học, đồng thời triển khai phương án lâu dài ổn định cuộc sống và tái định cư cho người dân.","After Storm No. 13, police, military, border guards, and militia forces in Đắk Lắc and Gia Lai were mobilized to assist residents in clearing fallen trees, repairing houses, restoring roads and schools, while also implementing long-term plans to stabilize livelihoods and resettle the population."
https://www.youtube.com/watch?v=d8mXy0wdwtU,"Báo cáo nêu kết quả triển khai Nghị quyết 57 tại Viettel, bao gồm xây dựng mạng 5G, trung tâm dữ liệu lớn, phát triển trợ lý ảo AI, dự án công nghệ chiến lược trong quốc phòng, hàng không vũ trụ và bán dẫn. Doanh nghiệp đạt tăng trưởng 13,8% và doanh thu hơn 220.000 tỷ đồng, góp phần tăng trưởng GDP quốc gia.","Sau một năm triển khai Nghị quyết 57, Viettel đạt kết quả đột phá với mạng 5G (hơn 30.000 trạm), khởi công 3 trung tâm dữ liệu lớn, phát triển trợ lý ảo AI và mô hình ngôn ngữ lớn tiếng Việt, đồng thời thực hiện các dự án chiến lược về quốc phòng, hàng không vũ trụ, bán dẫn; giúp tập đoàn đạt tăng trưởng 13,8%, doanh thu hơn 220.000 tỷ đồng.","Sau một năm triển khai Nghị quyết 57, Viettel đạt kết quả đột phá với mạng 5G hơn 30.000 trạm, khởi công 3 trung tâm dữ liệu lớn, phát triển trợ lý ảo AI và mô hình ngôn ngữ lớn tiếng Việt, cùng các dự án chiến lược về quốc phòng, hàng không vũ trụ, bán dẫn; giúp doanh nghiệp tăng trưởng 13,8% và đạt doanh thu hơn 220.000 tỷ đồng, đóng góp vào tăng trưởng GDP quốc gia.","After one year of implementing Resolution 57, Viettel achieved breakthroughs with over 30,000 5G stations, commenced three large data centers, developed AI virtual assistants and large Vietnamese language models, alongside strategic projects in defense, aerospace, and semiconductors; resulting in 13.8% growth and revenue exceeding 220 trillion VND, contributing to national GDP growth."
https://www.youtube.com/watch?v=plawEwzfjQk,"Bản tin tổng hợp tình hình kinh tế Việt Nam năm 2024, gồm kiểm soát lạm phát, tăng trưởng kinh tế, thị trường bất động sản, nguồn cung xăng dầu, chương trình bán hàng lưu động bình ổn thị trường, và tác động của việc tăng lương cơ sở đến doanh nghiệp. Nội dung nhấn mạnh các giải pháp điều hành, hỗ trợ doanh nghiệp và ổn định thị trường.","Bản tin tổng hợp tình hình kinh tế Việt Nam năm 2024: Kiểm soát lạm phát kỳ vọng dưới mức 4,5%; sản xuất công nghiệp phục hồi với chỉ số PMI đạt 54,7; triển khai Nghị định 100/2024/NĐ-CP về nhà ở xã hội và quy hoạch tỉnh Bình Dương đến 2030; đảm bảo nguồn cung xăng dầu nội địa; tổ chức bán hàng bình ổn thị trường tại TP.HCM và phân tích áp lực chi phí lên doanh nghiệp khi thực hiện tăng lương cơ sở, lương tối thiểu vùng từ 01/7/2024.","Bản tin tổng hợp tình hình kinh tế Việt Nam năm 2024, bao gồm kiểm soát lạm phát dưới 4,5%, tăng trưởng sản xuất công nghiệp với chỉ số PMI 54,7, thị trường bất động sản, nguồn cung xăng dầu, chương trình bán hàng lưu động và bình ổn thị trường tại TP.HCM, triển khai Nghị định 100/2024/NĐ-CP về nhà ở xã hội và quy hoạch tỉnh Bình Dương đến 2030, cùng phân tích tác động của việc tăng lương cơ sở, lương tối thiểu vùng đến doanh nghiệp.","The report summarizes Vietnam's 2024 economic situation, including controlling inflation below 4.5%, industrial production growth with a PMI of 54.7, real estate market, domestic fuel supply, mobile sales and market stabilization programs in Ho Chi Minh City, implementation of Decree 100/2024/ND-CP on social housing and Binh Duong province planning to 2030, along with analysis of the impact of base salary and regional minimum wage increases on businesses."
https://www.youtube.com/watch?v=TgBly-XMk8U,"Hội nghị do Phó Chủ tịch UBND tỉnh Thanh Hóa chủ trì đánh giá tình hình chống khai thác thủy sản bất hợp pháp, nhấn mạnh các hạn chế trong chấp hành pháp luật của ngư dân và đơn vị địa phương. Văn bản yêu cầu tăng cường giám sát hành trình, kiểm soát sản lượng thủy sản, xử lý nghiêm vi phạm, đảm bảo các phương tiện đủ điều kiện ra khơi và phối hợp liên tỉnh trước ngày 25/10.","Chiều ngày 13/04/2026, Phó Chủ tịch UBND tỉnh Thanh Hóa Lê Đức Giang chủ trì hội nghị giao ban về chống khai thác IUU, đánh giá kết quả xử phạt 147 vụ (hơn 1,6 tỷ đồng) và chỉ ra các tồn tại về tàu cá ""2 không"", ""3 không"", mất kết nối hành trình. Phó Chủ tịch yêu cầu các ngành, địa phương giải quyết triệt để việc đăng ký, đăng kiểm, cấp phép trước ngày 25/10/2025; tăng cường giám sát sản lượng qua cảng, xử lý nghiêm vi phạm, tuyệt đối không cho tàu không đủ điều kiện ra khơi và gắn trách nhiệm người đứng đầu trong công tác quản lý.","Chiều 13/04/2026, Phó Chủ tịch UBND tỉnh Thanh Hóa Lê Đức Giang chủ trì hội nghị đánh giá chống khai thác thủy sản bất hợp pháp, nêu rõ tồn tại về tàu cá ""2 không"", ""3 không"", mất kết nối hành trình và kết quả xử phạt 147 vụ với hơn 1,6 tỷ đồng; yêu cầu các ngành, địa phương giải quyết triệt để đăng ký, đăng kiểm, cấp phép trước ngày 25/10, tăng cường giám sát sản lượng qua cảng, xử lý nghiêm vi phạm, không cho tàu không đủ điều kiện ra khơi và gắn trách nhiệm người đứng đầu.","On the afternoon of April 13, 2026, Vice Chairman of Thanh Hóa Provincial People's Committee Lê Đức Giang chaired a conference reviewing illegal, unreported, and unregulated (IUU) fishing, highlighting issues with ""2 no"" and ""3 no"" fishing vessels, loss of tracking connection, and the penalties for 147 cases totaling over 1.6 billion VND; he instructed relevant sectors and localities to thoroughly resolve registration, inspection, and licensing before October 25, strengthen monitoring of port catches, strictly handle violations, prohibit unqualified vessels from going to sea, and hold leadership accountable."
https://youtu.be/sCgc6GkyMFU?si=HTNymKwSFrEJazNd,"Quyết định số 14/2025/QĐ-TG do Phó Thủ tướng Bùi Thanh Sơn ký quy định cơ cấu biểu giá bán lẻ điện, cơ chế giá điện cho các nhóm khách hàng, hỗ trợ tiền điện cho hộ nghèo và hộ chính sách xã hội, giá điện nông thôn, miền núi, biên giới, hải đảo chưa nối lưới quốc gia. Văn bản hướng dẫn cách tính giá theo các bậc sử dụng, điều chỉnh giá theo thẩm quyền, phân bổ kinh phí hỗ trợ từ ngân sách nhà nước và xác định khung giờ sử dụng điện.","Quyết định số 14/2025/QĐ-TTg quy định cơ cấu biểu giá bán lẻ điện cho các nhóm khách hàng (sản xuất, kinh doanh, hành chính, sinh hoạt) và cơ chế hỗ trợ tiền điện cho hộ nghèo, hộ chính sách xã hội (tương đương 30 kWh/tháng). Giá bán lẻ điện sinh hoạt được rút gọn còn 5 bậc với tỷ lệ từ 90% đến 180% mức giá bình quân; giá điện tại khu vực chưa nối lưới được áp dụng thống nhất với giá quốc gia. Quyết định có hiệu lực từ ngày 29/10/2025, thay thế Quyết định số 28/2014/QĐ-TTg và áp dụng từ kỳ điều chỉnh giá điện bình quân gần nhất.","Quyết định số 14/2025/QĐ-TTg do Phó Thủ tướng Bùi Thanh Sơn ký quy định cơ cấu biểu giá bán lẻ điện cho các nhóm khách hàng (sản xuất, kinh doanh, hành chính, sinh hoạt), cơ chế giá điện và hỗ trợ tiền điện cho hộ nghèo, hộ chính sách xã hội (tương đương 30 kWh/tháng), giá điện nông thôn, miền núi, biên giới, hải đảo chưa nối lưới quốc gia; hướng dẫn cách tính giá theo các bậc sử dụng, điều chỉnh giá theo thẩm quyền, phân bổ kinh phí hỗ trợ và xác định khung giờ sử dụng điện. Quyết định rút gọn giá điện sinh hoạt còn 5 bậc với tỷ lệ 90%-180% mức giá bình quân, áp dụng thống nhất giá tại khu vực chưa nối lưới, có hiệu lực từ 29/10/2025, thay thế Quyết định số 28/2014/QĐ-TTg và áp dụng từ kỳ điều chỉnh giá điện bình quân gần nhất.","Decision No. 14/2025/QD-TTg, signed by Deputy Prime Minister Bui Thanh Son, regulates the retail electricity pricing structure for customer groups (production, business, administrative, residential), electricity pricing mechanisms, and electricity support for poor households and social policy beneficiaries (equivalent to 30 kWh/month), as well as electricity prices in rural, mountainous, border, and island areas not yet connected to the national grid; it provides guidance on calculating tiered prices, adjusting prices within authority, allocating support funds, and determining usage time frames. The decision streamlines residential electricity into 5 tiers (90%-180% of the average price), applies a unified price for unconnected areas, is effective from October 29, 2025, replaces Decision No. 28/2014/QD-TTg, and applies from the next average electricity price adjustment period."
https://www.youtube.com/watch?v=RSDpMajOKeM,"Quy định 08/2025 của Thủ tướng Chính phủ tăng mức bồi dưỡng giám định tư pháp, cụ thể 400.000 đồng cho mỗi nội dung giám định trên người sống theo yêu cầu và 500.000 đồng đối với các chuyên gia có chuyên môn sâu. Quy định thay thế mức bồi dưỡng cũ từ 160.000 đến 300.000 đồng và có hiệu lực từ ngày 20/5/2025.",Quyết định 08/2025/QĐ-TTg ngày 04/04/2025 quy định tăng mức bồi dưỡng giám định tư pháp đối với người thực hiện giám định trên người sống lên 400.000 đồng/nội dung yêu cầu hoặc 500.000 đồng/nội dung đối với chuyên gia hội chẩn chuyên môn sâu. Quyết định thay thế mức bồi dưỡng cũ (160.000 - 300.000 đồng) và có hiệu lực thi hành từ ngày 20/05/2025.,"Quyết định 08/2025/QĐ-TTg ngày 04/04/2025 của Thủ tướng Chính phủ tăng mức bồi dưỡng giám định tư pháp, 400.000 đồng cho mỗi nội dung giám định trên người sống và 500.000 đồng đối với chuyên gia có chuyên môn sâu, thay thế mức cũ 160.000–300.000 đồng, có hiệu lực từ 20/05/2025.","Decision 08/2025/QD-TTg dated April 4, 2025, issued by the Prime Minister, increases judicial appraisal allowances to 400,000 VND per appraisal on a living person and 500,000 VND for experts with specialized expertise, replacing the previous 160,000–300,000 VND, effective from May 20, 2025."
https://www.youtube.com/watch?v=rEqN4OAnBdA,"Văn bản tổng hợp các nội dung: lược bỏ hình thức kỷ luật giáng chức và hạ bậc lương đối với công chức để đảm bảo đồng bộ với quy định về kỷ luật; quy định quyền và nghĩa vụ của công dân trong kiểm tra, giám sát cảnh sát giao thông; công bố chức năng, tổ chức bộ máy Ủy ban Trung ương Mặt trận Tổ quốc Việt Nam; thông tin về quy hoạch chi tiết mở rộng quảng trường Ba Đình nhằm bảo đảm không gian cảnh quan và an toàn giao thông.","Văn bản tổng hợp các nội dung chính: (1) Dự thảo Luật Cán bộ, công chức sửa đổi đề xuất bỏ hình thức kỷ luật giáng chức và hạ bậc lương để đồng bộ với quy định của Đảng; (2) Quy định về quyền giám sát gián tiếp của người dân đối với CSGT qua các hình thức công khai và một số trường hợp được yêu cầu kiểm tra trực tiếp theo ý kiến chuyên gia; (3) Bộ Chính trị ban hành Quyết định số 304 về chức năng, nhiệm vụ và kiện toàn tổ chức bộ máy cơ quan Ủy ban Trung ương MTTQ Việt Nam; (4) Bộ Quốc phòng công bố quy hoạch mở rộng quảng trường Ba Đình (diện tích 7.191 m²) nhằm cải thiện tầm nhìn và cảnh quan khu vực di tích.","Văn bản tổng hợp các nội dung: bỏ hình thức kỷ luật giáng chức và hạ bậc lương để đồng bộ với quy định; quy định quyền và nghĩa vụ của công dân trong giám sát cảnh sát giao thông; công bố chức năng, tổ chức bộ máy Ủy ban Trung ương Mặt trận Tổ quốc Việt Nam; công bố quy hoạch chi tiết mở rộng quảng trường Ba Đình nhằm bảo đảm cảnh quan và an toàn giao thông.",The document consolidates the following: removal of demotion and salary reduction as disciplinary measures to align with regulations; stipulation of citizens' rights and obligations in overseeing traffic police; announcement of functions and organizational structure of the Central Committee of the Vietnam Fatherland Front; and publication of the detailed plan to expand Ba Dinh Square to ensure landscape and traffic safety.
https://www.youtube.com/watch?v=m6djlUvghXw,"Nghị định 170/2025/NĐ-CP quy định về tuyển dụng, sử dụng và quản lý công chức, bao gồm đối tượng áp dụng, căn cứ tuyển dụng, ưu tiên trong tuyển dụng, tiêu chuẩn, điều kiện và hồ sơ tiếp nhận công chức. Các cơ quan có thẩm quyền phải xây dựng kế hoạch tuyển dụng, quyết định tiếp nhận và thực hiện theo quy định của nghị định.","Nghị định 170/2025/NĐ-CP quy định chi tiết về tuyển dụng, sử dụng và quản lý công chức. Văn bản xác định rõ các cơ quan quản lý công chức (từ Trung ương đến địa phương), căn cứ tuyển dụng dựa trên vị trí việc làm và biên chế, cùng các phương thức thi tuyển, xét tuyển. Nghị định quy định mức điểm ưu tiên (từ 1,5 đến 7,5 điểm) cho các đối tượng chính sách như anh hùng lực lượng vũ trang, người dân tộc thiểu số, con liệt sĩ. Ngoài ra, văn bản hướng dẫn cụ thể về đối tượng, tiêu chuẩn (tối thiểu 5 năm công tác với một số nhóm) và thành phần hồ sơ để tiếp nhận vào làm công chức đối với viên chức, lực lượng vũ trang, chuyên gia và quản lý doanh nghiệp nhà nước.","Nghị định 170/2025/NĐ-CP quy định chi tiết về tuyển dụng, sử dụng và quản lý công chức, xác định các cơ quan quản lý công chức từ Trung ương đến địa phương, căn cứ tuyển dụng dựa trên vị trí việc làm và biên chế, phương thức thi tuyển, xét tuyển, tiêu chuẩn, điều kiện và hồ sơ tiếp nhận, cùng mức điểm ưu tiên cho các đối tượng chính sách. Các cơ quan có thẩm quyền phải xây dựng kế hoạch tuyển dụng, quyết định tiếp nhận và thực hiện theo quy định của nghị định.","Decree 170/2025/ND-CP provides detailed regulations on the recruitment, use, and management of civil servants, specifying the management agencies from central to local levels, recruitment bases based on job positions and staffing, methods of competitive exams and selection, standards, conditions, application documents, and priority points for policy beneficiaries. Competent agencies must prepare recruitment plans, decide on admissions, and implement according to the decree’s provisions."
https://www.youtube.com/watch?v=7o3kJ9uFRGc,"Văn bản thông báo về cuộc họp do Phó Thủ tướng Nguyễn Chí Dũng chủ trì để giải trình, tiếp thu ý kiến đối với dự thảo nghị định về đăng ký doanh nghiệp, hộ kinh doanh, tổ hợp tác, hợp tác xã, liên hiệp hợp tác xã, nhằm hoàn thiện thể chế, phân cấp cho Ủy ban nhân dân cấp xã và tháo gỡ vướng mắc. Bộ Tài chính được giao chủ trì xây dựng nghị định sửa đổi theo thủ tục rút gọn, thực hiện từ ngày 01/5/2025.","Phó Thủ tướng Nguyễn Chí Dũng chủ trì cuộc họp về dự thảo Nghị định đăng ký doanh nghiệp, thống nhất lùi thời hạn ban hành để cập nhật nội dung mới theo Nghị quyết 68 của Bộ Chính trị. Văn bản nhấn mạnh việc phân cấp cho UBND cấp xã thực hiện thủ tục đăng ký hộ kinh doanh, tổ hợp tác, hợp tác xã để phù hợp với mô hình chính quyền địa phương hai cấp; giao Bộ Tài chính chủ trì xây dựng Nghị định sửa đổi theo trình tự rút gọn, bảo đảm thực hiện từ ngày 01/05/2025.","Phó Thủ tướng Nguyễn Chí Dũng chủ trì cuộc họp giải trình, tiếp thu ý kiến về dự thảo Nghị định đăng ký doanh nghiệp, hộ kinh doanh, tổ hợp tác, hợp tác xã, nhấn mạnh phân cấp cho UBND cấp xã và giao Bộ Tài chính chủ trì xây dựng Nghị định sửa đổi theo thủ tục rút gọn, có hiệu lực thực hiện từ ngày 01/05/2025.","Deputy Prime Minister Nguyễn Chí Dũng chaired a meeting to review and incorporate feedback on the draft Decree on registration of enterprises, business households, cooperatives, and cooperative unions, emphasizing delegation to commune-level People's Committees and assigning the Ministry of Finance to lead the preparation of the amended decree via a streamlined procedure, effective from May 1, 2025."
https://www.youtube.com/watch?v=h6aFuUnkAlo,"Nghị định 144/2025/NĐ-CP quy định phân quyền và phân cấp trong lĩnh vực quản lý nhà nước của Bộ Xây dựng, bao gồm quản lý chi phí đầu tư xây dựng, công bố giá vật liệu, nhân công và ca máy, cũng như thẩm quyền thẩm định phê duyệt chi phí chuẩn bị dự án. Văn bản hướng dẫn việc lập dự toán, phân cấp thực hiện, và bãi bỏ một số quyền công bố giá của địa phương, có hiệu lực từ 01/05/2025 đến 01/05/2027.","Nghị định 144/2025/NĐ-CP (ban hành ngày 12/06/2025) quy định về phân cấp, phân quyền trong quản lý nhà nước của Bộ Xây dựng, có hiệu lực từ 01/05/2025 đến 01/05/2027. Điểm mới quan trọng là bãi bỏ thẩm quyền công bố đơn giá xây dựng công trình, giá vật liệu, nhân công và ca máy của UBND cấp tỉnh theo Nghị định 10/2021/NĐ-CP; thay vào đó, Bộ Xây dựng sẽ trực tiếp hướng dẫn công bố và ban hành các dữ liệu này. Ngoài ra, văn bản bãi bỏ các quy định về lấy ý kiến đối với định mức mới, định mức điều chỉnh, phương pháp lập dự toán rà phá bom mìn và chỉ số giá xây dựng.","Nghị định 144/2025/NĐ-CP (ban hành ngày 12/06/2025) quy định phân quyền, phân cấp trong quản lý nhà nước của Bộ Xây dựng, bao gồm lập dự toán, quản lý chi phí đầu tư xây dựng, công bố giá vật liệu, nhân công, ca máy, thẩm định phê duyệt chi phí chuẩn bị dự án, đồng thời bãi bỏ thẩm quyền công bố giá của UBND cấp tỉnh và các quy định về lấy ý kiến đối với định mức, phương pháp lập dự toán rà phá bom mìn, chỉ số giá xây dựng; có hiệu lực từ 01/05/2025 đến 01/05/2027.","Decree 144/2025/ND-CP (issued on June 12, 2025) stipulates decentralization and delegation in the state management of the Ministry of Construction, covering budget preparation, construction investment cost management, publication of material, labor, and machinery prices, approval of project preparation costs, while abolishing provincial People's Committees' authority to announce prices and provisions on consultation for norms, mine clearance budget methods, and construction price indices; effective from May 1, 2025, to May 1, 2027."
https://www.youtube.com/watch?v=-ii9iigmrGQ,"Thông tư 15/2025/TT-BTC hướng dẫn kế toán đối với tổ chức tham gia thị trường tài sản mã hóa, quy định tuân thủ luật kế toán, chuẩn mực kế toán và chế độ kế toán doanh nghiệp, ghi nhận doanh thu dịch vụ và theo dõi tài sản khách hàng riêng. Cục Thuế hướng dẫn quyết toán thuế thu nhập cá nhân năm 2025-2026, áp dụng mức giảm trừ gia cảnh và biểu thuế phù hợp. Ban thư ký thương hiệu quốc gia cảnh báo mạo danh tư vấn doanh nghiệp. Sở Công Thương và Du lịch TP.HCM triển khai giải pháp ứng phó thị trường Trung Đông. Thị trường chứng khoán Châu Á và Việt Nam có diễn biến tăng giảm khác nhau, ảnh hưởng từ xung đột quốc tế.","Văn bản tổng hợp các tin tức kinh tế - pháp lý quan trọng: (1) Thông tư 15/TT-BTC hướng dẫn tổ chức tham gia thị trường tài sản mã hóa phải tuân thủ Luật Kế toán, ghi nhận doanh thu dịch vụ và theo dõi riêng tài sản của khách hàng; (2) Hướng dẫn quyết toán thuế TNCN: năm 2025 giữ mức giảm trừ gia cảnh 11 triệu đồng/người nộp thuế, năm 2026 tăng lên 15,5 triệu đồng; (3) Cảnh báo mạo danh tư vấn xét chọn Thương hiệu quốc gia Việt Nam lần thứ 10; (4) Ngành Công Thương và Du lịch TP.HCM triển khai giải pháp ứng phó với xung đột Trung Đông như chuyển đổi thị trường, hỗ trợ lãi suất và điều phối an toàn cho du khách; (5) Diễn biến trái chiều của thị trường chứng khoán khu vực và trong nước phiên ngày 08/04.","Thông tư 15/2025/TT-BTC hướng dẫn kế toán cho tổ chức tham gia thị trường tài sản mã hóa, ghi nhận doanh thu dịch vụ và theo dõi riêng tài sản khách hàng; hướng dẫn quyết toán thuế TNCN năm 2025-2026 với mức giảm trừ gia cảnh 11 triệu/người năm 2025 và 15,5 triệu/người năm 2026; cảnh báo mạo danh tư vấn Thương hiệu quốc gia; Sở Công Thương và Du lịch TP.HCM triển khai giải pháp ứng phó xung đột Trung Đông; thị trường chứng khoán khu vực và Việt Nam diễn biến trái chiều.","Circular 15/2025/TT-BTC provides accounting guidance for organizations participating in the crypto-asset market, recognizing service revenue and separately tracking customer assets; personal income tax finalization guidance for 2025-2026 with dependent deduction of 11 million VND/person in 2025 and 15.5 million VND/person in 2026; warning against fraudulent national brand consulting; Ho Chi Minh City’s Department of Industry and Trade and Tourism implements measures responding to Middle East conflicts; regional and Vietnamese stock markets show mixed movements."
https://www.youtube.com/watch?v=j-8Lxl7f_Pk,"Thông tư 152/2025/TT-BTC của Bộ Tài chính quy định chuẩn hóa kế toán cho các hộ kinh doanh tại Việt Nam, phân loại theo 4 nhóm doanh thu với mức nghĩa vụ thuế và yêu cầu sổ sách khác nhau. Nhóm 1 dưới 500 triệu đồng miễn thuế, nhóm 2 từ 500 triệu đến dưới 3 tỷ áp dụng thuế GTGT và lựa chọn thuế TNCN, nhóm 3 từ 3 đến dưới 50 tỷ và nhóm 4 từ 50 tỷ trở lên phải tuân thủ chế độ kế toán doanh nghiệp đầy đủ. Thông tư có hiệu lực từ 01/05/2026 và yêu cầu các hộ kinh doanh chuẩn bị tuân thủ kịp thời.","Thông tư 152/2025/TT-BTC ban hành ngày 31/12/2025 và có hiệu lực từ 01/01/2026 quy định chuẩn hóa việc ghi chép sổ sách kế toán cho hộ kinh doanh theo 4 nhóm doanh thu: Nhóm 1 (dưới 500 triệu đồng/năm) miễn thuế GTGT và TNCN, chỉ ghi sổ doanh thu S1Akd; Nhóm 2 (500 triệu - dưới 3 tỷ đồng) nộp thuế GTGT và được lựa chọn cách tính thuế TNCN (theo tỷ lệ doanh thu hoặc 15% trên thu nhập thực tế kèm hệ thống 4 loại sổ); Nhóm 3 (3 tỷ - dưới 50 tỷ đồng) bắt buộc nộp thuế GTGT khấu trừ, thuế TNCN 17% trên thu nhập và dùng hóa đơn điện tử; Nhóm 4 (từ 50 tỷ đồng trở lên) quản lý như doanh nghiệp, thuế TNCN 20% và kê khai hàng tháng.","Thông tư 152/2025/TT-BTC của Bộ Tài chính, có hiệu lực từ 01/01/2026, quy định chuẩn hóa kế toán cho các hộ kinh doanh theo 4 nhóm doanh thu với mức thuế và hình thức sổ sách khác nhau: Nhóm 1 dưới 500 triệu đồng miễn thuế; Nhóm 2 từ 500 triệu đến dưới 3 tỷ nộp thuế GTGT và lựa chọn cách tính thuế TNCN; Nhóm 3 từ 3 đến dưới 50 tỷ nộp thuế GTGT khấu trừ, thuế TNCN 17% và dùng hóa đơn điện tử; Nhóm 4 từ 50 tỷ trở lên quản lý như doanh nghiệp, thuế TNCN 20% và kê khai hàng tháng.","Circular 152/2025/TT-BTC issued by the Ministry of Finance, effective from January 1, 2026, standardizes accounting for business households in four revenue groups with different tax obligations and bookkeeping requirements: Group 1 under VND 500 million exempt from taxes; Group 2 from VND 500 million to under 3 billion pays VAT and chooses PIT calculation method; Group 3 from 3 billion to under 50 billion pays deductible VAT, 17% PIT, and uses e-invoices; Group 4 from 50 billion and above is managed as an enterprise with 20% PIT and monthly filing."
https://youtu.be/3MbaYwFC7fY?si=kPekGKfVxyJNb1MJ,"Dự thảo nghị quyết của Quốc hội quy định một số cơ chế chính sách đặc biệt để tăng cường bảo vệ, chăm sóc và nâng cao sức khỏe nhân dân, bao gồm giảm chi phí y tế, miễn viện phí theo lộ trình, thí điểm bảo hiểm y tế bổ sung, điều chỉnh chế độ lương và phụ cấp cho nhân viên y tế, đảm bảo an toàn nhân viên y tế, đào tạo chuyên sâu và ưu đãi về đất đai, tài chính, thuế cho y tế. Nghị quyết cụ thể hóa các nội dung Nghị quyết 72 và quy định trách nhiệm triển khai cho Chính phủ, Bộ Y tế và các bộ ngành, địa phương.","Dự thảo Nghị quyết của Quốc hội về cơ chế chính sách đặc biệt ngành y tế cụ thể hóa Nghị quyết 72/NQ-TW (2025) của Bộ Chính trị với 6 nhóm chính sách đột phá: (1) Giảm chi phí y tế qua miễn viện phí 100% cho hộ cận nghèo và người trên 75 tuổi hưởng trợ cấp hưu trí xã hội; (2) Thí điểm đa dạng hóa các gói bảo hiểm y tế bổ sung; (3) Cải cách tiền lương và phụ cấp đặc thù cho nhân viên y tế; (4) Đảm bảo an ninh, an toàn cho nhân viên y tế khi làm nhiệm vụ; (5) Ưu đãi về đất đai và tài chính như chuyển đổi mục đích sử dụng đất cho y tế; (6) Ngân sách nhà nước đảm bảo toàn bộ kinh phí chi thường xuyên, đầu tư cho y tế cơ sở, y tế dự phòng và hoạt động tiêm chủng mở rộng.","Dự thảo Nghị quyết của Quốc hội về cơ chế chính sách đặc biệt ngành y tế cụ thể hóa Nghị quyết 72/NQ-TW (2025) với 6 nhóm chính sách: giảm chi phí y tế, miễn viện phí cho hộ cận nghèo và người trên 75 tuổi; thí điểm bảo hiểm y tế bổ sung; cải cách lương và phụ cấp cho nhân viên y tế; đảm bảo an ninh, an toàn cho nhân viên y tế; ưu đãi về đất đai, tài chính, thuế; đảm bảo ngân sách cho chi thường xuyên, đầu tư y tế cơ sở, y tế dự phòng và tiêm chủng mở rộng. Nghị quyết giao trách nhiệm triển khai cho Chính phủ, Bộ Y tế và các bộ ngành, địa phương.","The draft Resolution of the National Assembly on special health sector policies concretizes Resolution 72/NQ-TW (2025) with six policy groups: reducing medical costs, exempting hospital fees for near-poor households and people over 75; piloting supplemental health insurance; reforming salaries and allowances for healthcare staff; ensuring security and safety for healthcare workers; providing land, financial, and tax incentives; and ensuring budget for regular expenses, primary healthcare, preventive healthcare, and expanded immunization. The Resolution assigns implementation responsibilities to the Government, Ministry of Health, and relevant ministries, agencies, and localities."
https://youtu.be/dmPhc_bNarg?si=5WKzQKSqFtScb0NC,"Văn bản quy định nhiệm vụ và chức năng của trạm y tế cấp xã, bao gồm phòng bệnh, nâng cao sức khỏe cộng đồng, khám chữa bệnh ban đầu, bảo vệ sức khỏe bà mẹ và trẻ em, an toàn thực phẩm, dân số, chăm sóc người cao tuổi, bảo trợ xã hội, quản lý thuốc, vắc xin, thiết bị y tế, truyền thông giáo dục sức khỏe, ứng phó thiên tai, đào tạo nhân lực y tế, quản lý chất lượng và chuyển đổi số.","Quy định nhiệm vụ, chức năng của trạm y tế cấp xã gồm: phòng bệnh và nâng cao sức khỏe cộng đồng; khám bệnh, chữa bệnh, sơ cứu, cấp cứu ban đầu; bảo vệ chăm sóc bà mẹ, trẻ em và sức khỏe sinh sản; an toàn thực phẩm; dân số và kế hoạch hóa gia đình; bảo trợ xã hội và công tác xã hội; quản lý thuốc, vắc xin, thiết bị y tế; truyền thông giáo dục sức khỏe và các nhiệm vụ khác như quản lý hồ sơ sức khỏe, ứng phó thiên tai, đào tạo nhân lực, quản lý chất lượng và chuyển đổi số.","Văn bản quy định nhiệm vụ và chức năng của trạm y tế cấp xã, bao gồm phòng bệnh, nâng cao sức khỏe cộng đồng; khám chữa bệnh, sơ cứu, cấp cứu ban đầu; bảo vệ chăm sóc bà mẹ, trẻ em và sức khỏe sinh sản; an toàn thực phẩm; dân số và kế hoạch hóa gia đình; bảo trợ xã hội; quản lý thuốc, vắc xin, thiết bị y tế; truyền thông giáo dục sức khỏe; quản lý hồ sơ sức khỏe; ứng phó thiên tai; đào tạo nhân lực y tế; quản lý chất lượng và chuyển đổi số.","The document stipulates the duties and functions of commune-level health stations, including disease prevention, community health promotion; medical examination and treatment, first aid, and emergency care; maternal, child, and reproductive health protection; food safety; population and family planning; social welfare; management of medicines, vaccines, and medical equipment; health communication and education; health record management; disaster response; healthcare workforce training; quality management; and digital transformation."
https://youtu.be/w-cA2TQ-OQE?si=UugzXrejPmjlbmwJ,"Nội dung tổng hợp thông tin về hội nghị Ban Chấp hành Đảng bộ Thành phố Hồ Chí Minh, các chỉ đạo về phát triển kinh tế, y tế, kiểm tra giám sát, triển khai đọc báo Đảng, tình hình giá vàng, an toàn thực phẩm, dịch bệnh chăn nuôi, môi trường, đầu tư hạ tầng và dự báo thời tiết; không thể hiện việc ban hành một văn bản quy phạm cụ thể hay yêu cầu thực hiện thống nhất.",Bản tin tổng hợp các sự kiện ngày 01/04/2026: Hội nghị Thành ủy TP.HCM thảo luận nhiệm vụ kinh tế - xã hội quý 2; Chủ tịch Quốc hội làm việc với Thành ủy TP.HCM; triển khai Thông tri 02-TT/TU về mua và đọc báo Đảng; giá vàng biến động; Bộ Nông nghiệp xử lý vi phạm về dịch tả lợn châu Phi và can thiệp dữ liệu quan trắc; tiến độ các dự án giao thông trọng điểm; yêu cầu khám sức khỏe toàn dân tại TP.HCM; dự báo nắng nóng và xâm nhập mặn; Bộ Y tế cảnh báo an toàn thực phẩm bếp ăn trường học và đề nghị truy tố các bị can sản xuất thực phẩm giả.,"Bản tin tổng hợp các sự kiện ngày 01/04/2026 tại TP.HCM, bao gồm hội nghị Thành ủy thảo luận nhiệm vụ kinh tế - xã hội quý 2, làm việc của Chủ tịch Quốc hội với Thành ủy, triển khai Thông tri 02-TT/TU về mua và đọc báo Đảng, biến động giá vàng, xử lý dịch tả lợn châu Phi và giám sát dữ liệu môi trường, tiến độ các dự án giao thông trọng điểm, khám sức khỏe toàn dân, dự báo nắng nóng và xâm nhập mặn, cảnh báo an toàn thực phẩm bếp ăn trường học và đề nghị truy tố các bị can sản xuất thực phẩm giả.","The news summary for April 1, 2026, in Ho Chi Minh City covers the Party Committee meeting on Q2 socio-economic tasks, the National Assembly Chairman's session with the Party Committee, implementation of Circular 02-TT/TU on Party newspaper subscriptions, gold price fluctuations, African swine fever management and environmental data monitoring, progress of key traffic projects, citywide health checks, forecasts of heatwaves and saline intrusion, school kitchen food safety warnings, and prosecution recommendations for counterfeit food producers."
https://youtu.be/TBic-VOMnBk?si=IeeXD0X2ePFusbC-,"Văn bản tổng hợp các chính sách giao thông mới có hiệu lực từ năm 2026, bao gồm quy định về thiết bị an toàn cho trẻ em trên ô tô, thời gian lái xe của tài xế, lắp đặt thiết bị giám sát hành trình và camera trên phương tiện vận tải hành khách, phát triển đường sắt với vốn tư nhân, quản lý kết cấu hạ tầng hàng không, bảo hiểm hàng hải và tiêu chuẩn đóng tàu cá. Văn bản nêu rõ mục tiêu bảo đảm an toàn giao thông, tăng tính linh hoạt và phát triển hạ tầng vận tải.","Văn bản tổng hợp các chính sách giao thông mới có hiệu lực từ năm 2026, bao gồm quy định về thiết bị an toàn cho trẻ em trên ô tô, thời gian lái xe của tài xế, lắp đặt thiết bị giám sát hành trình và camera trên phương tiện vận tải hành khách, phát triển đường sắt với vốn tư nhân, quản lý kết cấu hạ tầng hàng không, bảo hiểm hàng hải và tiêu chuẩn đóng tàu cá. Văn bản nêu rõ mục tiêu bảo đảm an toàn giao thông, tăng tính linh hoạt và phát triển hạ tầng vận tải.","Văn bản tổng hợp các chính sách giao thông mới có hiệu lực từ năm 2026, quy định về thiết bị an toàn cho trẻ em trên ô tô, thời gian lái xe của tài xế, lắp đặt thiết bị giám sát hành trình và camera trên phương tiện vận tải hành khách, phát triển đường sắt với vốn tư nhân, quản lý kết cấu hạ tầng hàng không, bảo hiểm hàng hải và tiêu chuẩn đóng tàu cá, nhằm bảo đảm an toàn giao thông, tăng tính linh hoạt và phát triển hạ tầng vận tải.","The document consolidates new transportation policies effective from 2026, regulating child safety devices in cars, drivers’ working hours, installation of tracking and camera systems on passenger transport vehicles, railway development with private capital, management of aviation infrastructure, maritime insurance, and fishing vessel standards, aiming to ensure traffic safety, enhance flexibility, and develop transport infrastructure."
https://youtu.be/dcerS-PmMuY?si=HqCkOMsiuSoO-vBC,"Thông tư 152 của Bộ Tài chính hướng dẫn công tác kế toán đối với hộ kinh doanh và cá nhân kinh doanh, quy định các biểu mẫu sổ sách kế toán mới, phương pháp ghi nhận doanh thu, chi phí và quản lý dòng tiền, nhằm chuẩn hóa và minh bạch công tác tài chính. Văn bản xác định rõ đối tượng áp dụng, các bước chuẩn bị và thời điểm hiệu lực từ ngày 01/05/2026.","Thông tư 152 của Bộ Tài chính hướng dẫn công tác kế toán đối với hộ kinh doanh và cá nhân kinh doanh, quy định các biểu mẫu sổ sách kế toán mới (như S1-HKD, S2A-HKD, S2C-HKD, S2D-HKD, S2E-HKD), phương pháp ghi nhận doanh thu, chi phí và quản lý dòng tiền theo từng diện kê khai thuế. Văn bản xác định rõ đối tượng áp dụng, kế hoạch chuẩn bị và thời điểm chính thức có hiệu lực từ ngày 01/05/2026.","Thông tư 152/2026/TT-BTC của Bộ Tài chính hướng dẫn kế toán cho hộ kinh doanh và cá nhân kinh doanh, quy định các biểu mẫu sổ sách kế toán mới (S1-HKD, S2A-HKD, S2C-HKD, S2D-HKD, S2E-HKD), phương pháp ghi nhận doanh thu, chi phí, quản lý dòng tiền theo từng diện kê khai thuế, đồng thời xác định đối tượng áp dụng, kế hoạch chuẩn bị và hiệu lực từ ngày 01/05/2026.","Circular 152/2026/TT-BTC issued by the Ministry of Finance provides guidance on accounting for business households and individual businesses, specifying new accounting book forms (S1-HKD, S2A-HKD, S2C-HKD, S2D-HKD, S2E-HKD), methods for recording revenue, expenses, and cash flow management according to tax declaration categories, while defining the applicable subjects, preparation plan, and effective date from May 1, 2026."
https://youtu.be/KM1UZzRtagY?si=nzSQD03PWY6ukoNo,"Thông tư 20 năm 2026 của Bộ Tài chính quy định chi tiết về thuế thu nhập doanh nghiệp, bao gồm các loại chứng từ chi phí được trừ, thời điểm xác định doanh thu, nghĩa vụ thuế của doanh nghiệp nước ngoài, quản lý vốn đầu tư mở rộng và quỹ khoa học công nghệ. Văn bản hướng dẫn áp dụng từ kỳ tính thuế năm 2025 và yêu cầu doanh nghiệp thực hiện đầy đủ hồ sơ, chứng từ theo quy định.","Thông tư 20/2026/TT-BTC cập nhật 04 nội dung về thuế TNDN áp dụng từ kỳ tính thuế 2025: Bổ sung yêu cầu hồ sơ chi phí được trừ (chi đào tạo, tài trợ, giảm phát thải nhà kính, ủy quyền mua hàng trên 5 triệu đồng); quy định thời điểm xác định doanh thu (hàng xuất khẩu, vận tải hàng không, xây lắp, điện nước); làm rõ nghĩa vụ thuế của doanh nghiệp nước ngoài (thương mại điện tử, nền tảng số, tái cơ cấu nội bộ); và quy định về quản lý vốn đầu tư mở rộng, quỹ khoa học công nghệ.","Thông tư 20/2026/TT-BTC của Bộ Tài chính hướng dẫn chi tiết về thuế thu nhập doanh nghiệp áp dụng từ kỳ tính thuế 2025, bao gồm hồ sơ chi phí được trừ (đào tạo, tài trợ, giảm phát thải nhà kính, ủy quyền mua hàng trên 5 triệu đồng), thời điểm xác định doanh thu (xuất khẩu, vận tải hàng không, xây lắp, điện nước), nghĩa vụ thuế của doanh nghiệp nước ngoài (thương mại điện tử, nền tảng số, tái cơ cấu nội bộ), và quản lý vốn đầu tư mở rộng, quỹ khoa học công nghệ.","Circular 20/2026/TT-BTC issued by the Ministry of Finance provides detailed guidance on corporate income tax applicable from the 2025 tax period, covering deductible expense documentation (training, sponsorship, greenhouse gas reduction, authorization for purchases over 5 million VND), timing for revenue recognition (exports, air transport, construction, electricity and water), tax obligations of foreign enterprises (e-commerce, digital platforms, internal restructuring), and management of expansion investment capital and science and technology funds."
https://youtu.be/H1gK8bn1VF8?si=54D3kpYy4PjBzdG3,"Thông tư 152 năm 2025 của Bộ Tài chính quy định chế độ kế toán áp dụng cho hộ kinh doanh và cá nhân kinh doanh, thay thế Thông tư 88 năm 2021. Văn bản thiết lập cơ chế kê khai thay cho thuế khoán, chuẩn hóa sổ sách, chứng từ, hóa đơn, lưu trữ dữ liệu kế toán và tăng cường quản lý, hậu kiểm thuế. Hộ kinh doanh phải ghi sổ kế toán đầy đủ, trung thực, liên kết với hóa đơn và chứng từ, áp dụng từ ngày 01/05/2026.","Thông tư 152/2025/TT-BTC quy định chế độ kế toán cho hộ và cá nhân kinh doanh, thay thế Thông tư 88/2021/TT-BTC từ ngày 01/05/2026. Văn bản xác lập kế toán là dữ liệu trực tiếp để tính thuế thay cho thuế khoán; phân loại nghĩa vụ ghi sổ theo quy mô doanh thu và phương pháp tính thuế (hộ nhỏ chỉ cần sổ doanh thu, hộ lớn phải đủ bộ 4 sổ); quy định hóa đơn là căn cứ bắt buộc để ghi sổ và lưu trữ tài liệu kế toán tối thiểu 05 năm.","Thông tư 152/2025/TT-BTC của Bộ Tài chính quy định chế độ kế toán cho hộ kinh doanh và cá nhân kinh doanh, thay thế Thông tư 88/2021/TT-BTC, có hiệu lực từ ngày 01/05/2026; kế toán được sử dụng trực tiếp để tính thuế thay cho thuế khoán, phân loại nghĩa vụ ghi sổ theo quy mô doanh thu và phương pháp tính thuế, hóa đơn là cơ sở bắt buộc để ghi sổ, và tài liệu kế toán phải được lưu trữ tối thiểu 5 năm.","Circular 152/2025/TT-BTC issued by the Ministry of Finance regulates accounting regimes for household and individual businesses, replacing Circular 88/2021/TT-BTC, effective from May 1, 2026; accounting data is used directly for tax calculation instead of fixed tax, bookkeeping obligations are classified by revenue scale and tax method, invoices are mandatory for recording, and accounting documents must be retained for at least five years."
https://youtu.be/aGea4OkRSUg?si=HIfxn3l-J2rU2Icd,"Thông tư số 99/2025 của Bộ Tài chính ban hành chế độ kế toán doanh nghiệp thay thế Thông tư 200/2014, quy định về chứng từ kế toán, tài khoản kế toán, sổ kế toán và lập báo cáo tài chính; cho phép doanh nghiệp chủ động thiết kế biểu mẫu, mở tài khoản chi tiết và tổ chức hệ thống kế toán nhưng phải tuân thủ quy định pháp luật. Thông tư có hiệu lực từ ngày 01/5/2026 và áp dụng cho năm tài chính từ năm 2026.","Thông tư 99/2025/TT-BTC ban hành chế độ kế toán doanh nghiệp mới thay thế Thông tư 200/2014/TT-BTC, áp dụng từ năm tài chính 2026 (hiệu lực từ 01/05/2026). Điểm mới cốt lõi là tăng tính chủ động cho doanh nghiệp trong việc thiết kế biểu mẫu chứng từ, sổ kế toán, mở tài khoản chi tiết và đổi tên ""Bảng cân đối kế toán"" thành ""Báo cáo tình hình tài chính"" theo chuẩn quốc tế; đồng thời bổ sung các tài khoản về tài sản sinh học (2015, 2295), thuế tiêu thụ đặc biệt hàng nhập khẩu (1383) và bãi bỏ các tài khoản 1562, 621.","Thông tư số 99/2025/TT-BTC của Bộ Tài chính thay thế Thông tư 200/2014/TT-BTC, có hiệu lực từ ngày 01/05/2026 và áp dụng cho năm tài chính 2026, ban hành chế độ kế toán doanh nghiệp mới, tăng tính chủ động cho doanh nghiệp trong thiết kế biểu mẫu chứng từ, sổ kế toán, mở tài khoản chi tiết, đổi tên ""Bảng cân đối kế toán"" thành ""Báo cáo tình hình tài chính"", bổ sung các tài khoản về tài sản sinh học và thuế tiêu thụ đặc biệt nhập khẩu, đồng thời bãi bỏ một số tài khoản cũ.","Circular No. 99/2025/TT-BTC issued by the Ministry of Finance replaces Circular 200/2014/TT-BTC, effective from May 1, 2026, and applicable for the 2026 fiscal year, establishing a new corporate accounting regime that allows enterprises more flexibility in designing accounting documents, ledgers, detailed accounts, renaming the ""Balance Sheet"" to ""Financial Position Report,"" adding accounts for biological assets and import special consumption tax, and abolishing certain old accounts."
https://youtu.be/i1XpOZloJ8Y?si=PJikkfCYfDLyzNdf,"Thông tư 121/2025/TT-BTC sửa đổi, bổ sung Thông tư 38/2015/TT-BTC, mục tiêu là đơn giản hóa thủ tục hải quan, chuẩn hóa hồ sơ điện tử, áp dụng quản lý rủi ro, tăng tốc thông quan, giám sát thông minh và cải thiện quy trình hoàn thuế, giúp doanh nghiệp tiết kiệm thời gian, chi phí và giảm rủi ro thất lạc giấy tờ.","Thông tư 121/2025/TT-BTC sửa đổi, bổ sung Thông tư 38/2015/TT-BTC nhằm chuẩn hóa hồ sơ hải quan điện tử (chỉ cần bản scan xác thực), giảm bớt các trường hợp phải nộp tờ khai trị giá và rút ngắn thời gian hoàn thuế. Văn bản chuyển dịch triết lý quản lý sang hậu kiểm, áp dụng quản lý rủi ro qua hệ thống phân luồng (Xanh, Vàng, Đỏ) và giám sát thông minh bằng niêm phong điện tử (e-seal), có hiệu lực từ ngày 01/05/2026.","Thông tư 121/2025/TT-BTC sửa đổi, bổ sung Thông tư 38/2015/TT-BTC, có hiệu lực từ ngày 01/05/2026, nhằm đơn giản hóa thủ tục hải quan, chuẩn hóa hồ sơ điện tử, áp dụng quản lý rủi ro qua hệ thống phân luồng (Xanh, Vàng, Đỏ), tăng tốc thông quan, giám sát thông minh bằng niêm phong điện tử và cải thiện quy trình hoàn thuế, giúp doanh nghiệp tiết kiệm thời gian, chi phí và giảm rủi ro thất lạc giấy tờ.","Circular No. 121/2025/TT-BTC, amending and supplementing Circular No. 38/2015/TT-BTC, effective from May 1, 2026, aims to simplify customs procedures, standardize electronic documents, apply risk management through a lane system (Green, Yellow, Red), accelerate clearance, enable smart monitoring via e-seals, and improve the tax refund process, helping businesses save time, costs, and reduce the risk of document loss."
https://youtu.be/BJBYhbgd8bM?si=E4RdMPnpnP4UXTV6,"Thông tư 152/2025/TT-BTC của Bộ Tài chính quy định chế độ kế toán cho hộ kinh doanh và cá nhân kinh doanh, phân loại theo phương pháp tính thuế và hướng dẫn sử dụng các mẫu sổ sách tương ứng, nhằm tăng tính minh bạch, hiệu quả quản lý và chuẩn bị áp dụng từ ngày 01/5/2026.","Thông tư 152 của Bộ Tài chính hướng dẫn chế độ kế toán cho hộ kinh doanh và cá nhân kinh doanh áp dụng từ ngày 01/05/2026. Văn bản phân loại sổ sách theo phương pháp tính thuế: hộ không thuộc diện kê khai dùng mẫu S1A-HKD; hộ nộp thuế theo tỷ lệ % trên doanh thu dùng mẫu S2A-HKD; hộ tính thuế theo lợi nhuận thực tế dùng mẫu S2C-HKD để theo dõi doanh thu và chi phí; đồng thời quy định mẫu S3A-HKD cho các nghĩa vụ thuế đặc thù (tiêu thụ đặc biệt, xuất nhập khẩu).","Thông tư 152/2025/TT-BTC của Bộ Tài chính hướng dẫn chế độ kế toán cho hộ kinh doanh và cá nhân kinh doanh, áp dụng từ ngày 01/05/2026, phân loại sổ sách kế toán theo phương pháp tính thuế (S1A-HKD, S2A-HKD, S2C-HKD, S3A-HKD) nhằm tăng minh bạch và hiệu quả quản lý.","Circular 152/2025/TT-BTC issued by the Ministry of Finance provides accounting regime guidance for business households and individual businesses, effective from May 1, 2026, classifying accounting books according to tax calculation methods (S1A-HKD, S2A-HKD, S2C-HKD, S3A-HKD) to enhance transparency and management efficiency."
https://youtu.be/5AetJU7M3hs?si=i9fOYFlMumHV5Xr4,"Thông tư 06/2026/TT-BGDĐT của Bộ Giáo dục và Đào tạo quy định quy chế tuyển sinh đại học và cao đẳng ngành giáo dục mầm non, bao gồm điều kiện điểm tối thiểu, số lượng nguyện vọng, phương thức xét tuyển học bạ và các đối tượng xét tuyển mở rộng như tốt nghiệp trung học nghề và thí sinh nước ngoài.","Thông tư 06/2026/TT-BGDĐT quy định quy chế tuyển sinh đại học và cao đẳng ngành giáo dục mầm non với các điểm mới: thí sinh phải đạt tối thiểu 15/30 điểm thi tốt nghiệp (trừ diện đặc cách/miễn thi); đăng ký tối đa 15 nguyện vọng (ngành giáo viên chỉ xét nguyện vọng 1-5); xét học bạ dựa trên điểm 6 học kỳ của ít nhất 3 môn (bắt buộc có Toán hoặc Ngữ văn); tổng điểm cộng tối đa 3 điểm và bổ sung đối tượng xét tuyển là người tốt nghiệp trung học nghề, người nước ngoài.","Thông tư 06/2026/TT-BGDĐT của Bộ Giáo dục và Đào tạo quy định tuyển sinh đại học và cao đẳng ngành giáo dục mầm non, yêu cầu thí sinh đạt tối thiểu 15/30 điểm tốt nghiệp (trừ diện đặc cách/miễn thi), đăng ký tối đa 15 nguyện vọng (ngành giáo viên xét nguyện vọng 1-5), xét học bạ 6 học kỳ của ít nhất 3 môn (bắt buộc có Toán hoặc Ngữ văn) với tổng điểm cộng tối đa 3 điểm, và bổ sung đối tượng xét tuyển là người tốt nghiệp trung học nghề và thí sinh nước ngoài.","Circular 06/2026/TT-BGDĐT issued by the Ministry of Education and Training regulates admissions to universities and colleges in early childhood education, requiring candidates to achieve at least 15/30 points in the graduation exam (except for special/exempt cases), register up to 15 preferences (teacher programs consider preferences 1-5), use academic records from 6 semesters of at least 3 subjects (including mandatory Math or Literature) with a maximum additional 3 points, and includes vocational high school graduates and foreign candidates as eligible applicants."
https://youtu.be/1kMoa0SoGT4?si=i91ddP-NYdaTIQ26,"Thông tư 10/2026/TT-BGDĐT của Bộ Giáo dục và Đào tạo quy định chi tiết về quản lý văn bằng, chứng chỉ trong toàn hệ thống giáo dục quốc dân, bao gồm cấp bản gốc duy nhất, cấp bản sao từ sổ gốc, chỉnh sửa thông tin hợp pháp, thu hồi, hủy bỏ và giá trị pháp lý của văn bằng số tương đương bản giấy.","Thông tư 10/2026/TT-BGDĐT quy định về quản lý văn bằng, chứng chỉ trong hệ thống giáo dục quốc dân, gồm các điểm chính: văn bằng gốc chỉ cấp một lần duy nhất; văn bằng số có giá trị pháp lý tương đương văn bằng giấy và được tích hợp trên VNeID; cấp bản sao không giới hạn số lượng từ sổ gốc; quy định rõ thời hạn cấp bằng, thủ tục cấp lại (do lỗi cơ quan cấp), chỉnh sửa thông tin và các trường hợp thu hồi, hủy bỏ văn bằng.","Thông tư 10/2026/TT-BGDĐT của Bộ Giáo dục và Đào tạo quy định quản lý văn bằng, chứng chỉ trong hệ thống giáo dục quốc dân, gồm cấp bản gốc duy nhất, cấp bản sao từ sổ gốc không giới hạn, chỉnh sửa thông tin, thủ tục cấp lại do lỗi cơ quan, thu hồi, hủy bỏ và xác nhận giá trị pháp lý của văn bằng số tương đương bản giấy, tích hợp trên VNeID.","Circular No. 10/2026/TT-BGDĐT issued by the Ministry of Education and Training regulates the management of diplomas and certificates in the national education system, including issuance of a single original, unlimited copies from the original register, correction of information, reissuance due to agency errors, revocation, cancellation, and recognition of the legal validity of digital diplomas equivalent to paper versions, integrated on VNeID."
https://youtu.be/Qo8LA_MfiBE?si=HPp3g-4-LqoOJDUW,"Thông tư 10/2026/TT-BGDĐT của Bộ Giáo dục và Đào tạo quy định chi tiết về quản lý văn bằng, chứng chỉ trong toàn hệ thống giáo dục quốc dân, bao gồm cấp bản gốc duy nhất, cấp bản sao từ sổ gốc, chỉnh sửa thông tin hợp pháp, thu hồi, hủy bỏ và giá trị pháp lý của văn bằng số tương đương bản giấy.","Thông tư 99/2026/TT-BTC (thay thế Thông tư 200/2014/TT-BTC) quy định chế độ kế toán doanh nghiệp từ 01/01/2026 với cấu trúc 6 chương, 31 điều và 4 phụ lục chi tiết. Điểm mới nổi bật là tính linh hoạt cao, cho phép doanh nghiệp tự thiết kế, sửa đổi biểu mẫu chứng từ, sổ kế toán và bổ sung tài khoản (cấp 1, cấp 2) phù hợp đặc thù mà không cần xin phép Bộ Tài chính, chỉ cần ban hành quy chế nội bộ. Hệ thống tài khoản giảm từ 76 xuống 71, trình bày khoa học theo trình tự nghiệp vụ từ chứng từ đến báo cáo tài chính.","Thông tư 10/2026/TT-BGDĐT của Bộ Giáo dục và Đào tạo quy định quản lý văn bằng, chứng chỉ trong hệ thống giáo dục quốc dân, bao gồm cấp bản gốc, cấp bản sao từ sổ gốc, chỉnh sửa, thu hồi, hủy bỏ và xác nhận giá trị pháp lý của văn bằng số tương đương bản giấy; Thông tư 99/2026/TT-BTC quy định chế độ kế toán doanh nghiệp từ 01/01/2026 với 6 chương, 31 điều và 4 phụ lục, cho phép doanh nghiệp linh hoạt thiết kế, sửa đổi biểu mẫu, sổ kế toán và bổ sung tài khoản theo nội bộ.","Circular 10/2026/TT-BGDĐT issued by the Ministry of Education and Training regulates the management of diplomas and certificates in the national education system, including issuance of originals, copies from the register, corrections, revocation, cancellation, and legal recognition of digital diplomas equivalent to paper ones; Circular 99/2026/TT-BTC stipulates the enterprise accounting regime from January 1, 2026, with 6 chapters, 31 articles, and 4 appendices, allowing enterprises flexibility to design and modify forms, accounting books, and add accounts internally."
https://youtu.be/fxR2HDQn788?si=nNAaj3-7HqD4_dGA,"Thông tư 10/2026/TT-BGDĐT của Bộ Giáo dục và Đào tạo quy định chi tiết về quản lý văn bằng, chứng chỉ trong toàn hệ thống giáo dục quốc dân, bao gồm cấp bản gốc duy nhất, cấp bản sao từ sổ gốc, chỉnh sửa thông tin hợp pháp, thu hồi, hủy bỏ và giá trị pháp lý của văn bằng số tương đương bản giấy.","Thông tư 01/2026/TT-BGDĐT quy định về thẩm quyền tuyển dụng nhà giáo trong các cơ sở giáo dục công lập, thực hiện phân cấp mạnh mẽ: khối mầm non và phổ thông cốt lõi thực hiện theo Nghị quyết 248/2025/QH15; trao quyền trực tiếp cho Hiệu trưởng các trường đặc thù (Dự bị đại học, Hữu Nghị T78, T80, Phổ thông vùng cao Việt Bắc); giao quyền cho người đứng đầu cơ quan chủ quản đối với các trường thuộc tổ chức chính trị, xã hội; và quy định Giám đốc Sở Giáo dục và Đào tạo là cơ quan thẩm quyền bao quát các trường còn lại thuộc tỉnh. Thông tư có hiệu lực từ 20/01/2026 với điều khoản chuyển tiếp cho phép hoàn thành các kế hoạch tuyển dụng đã phê duyệt trước 01/01/2026 đến hết ngày 31/12/2026.","Thông tư 10/2026/TT-BGDĐT của Bộ Giáo dục và Đào tạo quy định chi tiết về quản lý văn bằng, chứng chỉ trong hệ thống giáo dục quốc dân, bao gồm cấp bản gốc duy nhất, cấp bản sao từ sổ gốc, chỉnh sửa thông tin hợp pháp, thu hồi, hủy bỏ và giá trị pháp lý của văn bằng số; đồng thời hướng dẫn thẩm quyền tuyển dụng nhà giáo trong các cơ sở giáo dục công lập theo phân cấp và ủy quyền cụ thể, có hiệu lực từ 20/01/2026 với điều khoản chuyển tiếp đến 31/12/2026.","Circular 10/2026/TT-BGDĐT issued by the Ministry of Education and Training details the management of diplomas and certificates within the national education system, including issuance of a single original, copies from the original register, lawful corrections, revocation, cancellation, and the legal value of digital diplomas; it also provides guidance on teacher recruitment authority in public educational institutions according to specific decentralization and delegation rules, effective from January 20, 2026, with a transitional provision until December 31, 2026."
https://youtu.be/-JlCelEu1tE?si=MnQJ5DBypSq_KO4X,"Thông tư 10/2026/TT-BGDĐT của Bộ Giáo dục và Đào tạo quy định chi tiết về quản lý văn bằng, chứng chỉ trong toàn hệ thống giáo dục quốc dân, bao gồm cấp bản gốc duy nhất, cấp bản sao từ sổ gốc, chỉnh sửa thông tin hợp pháp, thu hồi, hủy bỏ và giá trị pháp lý của văn bằng số tương đương bản giấy.","Thông tư 29/2024/TT-BGDĐT ban hành ngày 30/12/2024 quy định về dạy thêm, học thêm (thay thế Thông tư 17/2012/TT-BGDĐT) nhằm phù hợp với Luật Giáo dục 2019 và Chương trình giáo dục phổ thông 2018. Các nguyên tắc chính bao gồm: quản lý chặt chẽ hoạt động dạy thêm trong và ngoài nhà trường; đảm bảo không ảnh hưởng đến chương trình chính khóa (không cắt xén, dạy qua loa); làm rõ trách nhiệm của các cơ quan quản lý từ Trung ương đến địa phương; khuyến khích giáo viên nâng cao năng lực và lấy việc tự học của học sinh làm chính.","Thông tư 10/2026/TT-BGDĐT của Bộ Giáo dục và Đào tạo quy định chi tiết về quản lý văn bằng, chứng chỉ trong hệ thống giáo dục quốc dân, bao gồm cấp bản gốc và bản sao, chỉnh sửa thông tin hợp pháp, thu hồi, hủy bỏ, giá trị pháp lý của văn bằng số; đồng thời Thông tư 29/2024/TT-BGDĐT quy định quản lý chặt chẽ hoạt động dạy thêm, học thêm, bảo đảm không ảnh hưởng chương trình chính khóa, làm rõ trách nhiệm quản lý từ Trung ương đến địa phương, và khuyến khích nâng cao năng lực giáo viên cùng tự học của học sinh.","Circular No. 10/2026/TT-BGDĐT issued by the Ministry of Education and Training provides detailed regulations on the management of diplomas and certificates in the national education system, including original and duplicate issuance, legal information corrections, revocation, cancellation, and the legal validity of digital diplomas; simultaneously, Circular No. 29/2024/TT-BGDĐT regulates strict management of extra teaching and learning activities, ensures they do not affect the main curriculum, clarifies management responsibilities from central to local levels, and encourages teacher development and student self-learning."
https://youtu.be/fPQheH6xqv8?si=ePMlfrdXR2YfCgrc,"Thông tư 10/2026/TT-BGDĐT của Bộ Giáo dục và Đào tạo quy định chi tiết về quản lý văn bằng, chứng chỉ trong toàn hệ thống giáo dục quốc dân, bao gồm cấp bản gốc duy nhất, cấp bản sao từ sổ gốc, chỉnh sửa thông tin hợp pháp, thu hồi, hủy bỏ và giá trị pháp lý của văn bằng số tương đương bản giấy.","Thông tư 21/2025/TT-BGDĐT quy định chế độ trả tiền lương dạy thêm giờ đối với nhà giáo trong các cơ sở giáo dục công lập (có hiệu lực từ ngày 23/05/2025). Đối tượng áp dụng là nhà giáo, cán bộ quản lý trực tiếp giảng dạy và hướng dẫn thực hành (trừ khối Quốc phòng, Công an). Tiền lương dạy thêm giờ được tính dựa trên tổng thu nhập tháng (lương theo vị trí việc làm/hệ số cộng các khoản phụ cấp) chia cho giờ làm việc tiêu chuẩn và nhân với hệ số cấp học. Thông tư quy định mức trần dạy thêm không quá 200 tiết/năm học đối với giáo viên phổ thông và 400 giờ/năm đối với giảng viên đại học; bãi bỏ hoàn toàn Thông tư liên tịch số 07/2013/TTLT-BGDĐT-BNV-BTC-BLĐTBXH.","Thông tư 10/2026/TT-BGDĐT của Bộ Giáo dục và Đào tạo quy định chi tiết quản lý văn bằng, chứng chỉ trong toàn hệ thống giáo dục quốc dân, bao gồm cấp bản gốc duy nhất, cấp bản sao từ sổ gốc, chỉnh sửa thông tin hợp pháp, thu hồi, hủy bỏ, giá trị pháp lý của văn bằng số và quy định chế độ trả lương dạy thêm giờ cho nhà giáo trong cơ sở giáo dục công lập, mức trần dạy thêm và cách tính lương, áp dụng cho nhà giáo, cán bộ quản lý trực tiếp giảng dạy và hướng dẫn thực hành (trừ khối Quốc phòng, Công an).","Circular 10/2026/TT-BGDĐT issued by the Ministry of Education and Training provides detailed regulations on the management of diplomas and certificates across the national education system, including issuance of unique originals, copies from the original register, lawful information corrections, revocation, annulment, legal validity of digital diplomas, and regulations on overtime teaching pay for educators in public educational institutions, including maximum limits and calculation methods, applicable to educators and managerial staff directly teaching and supervising practice (excluding Defense and Police sectors)."
https://youtu.be/aj3oQw19FL8?si=0KczVkhBtgNoryix,"Thông tư 10/2026/TT-BGDĐT của Bộ Giáo dục và Đào tạo quy định chi tiết về quản lý văn bằng, chứng chỉ trong toàn hệ thống giáo dục quốc dân, bao gồm cấp bản gốc duy nhất, cấp bản sao từ sổ gốc, chỉnh sửa thông tin hợp pháp, thu hồi, hủy bỏ và giá trị pháp lý của văn bằng số tương đương bản giấy.","Chính phủ ban hành Nghị định 81/2026/NĐ-CP (có hiệu lực từ 15/05/2026) quy định về xử phạt vi phạm hành chính trong lĩnh vực giao thông đường sắt, chính thức bãi bỏ toàn bộ Nghị định 100/2019/NĐ-CP. Việc bãi bỏ Nghị định 100 nhằm phân tách quản lý theo chuyên ngành: xử phạt giao thông đường bộ và nồng độ cồn hiện áp dụng theo Nghị định 168 (có hiệu lực từ 01/01/2025), trong khi giao thông đường sắt áp dụng theo Nghị định 81/2026/NĐ-CP. Điểm mới quan trọng là Nghị định 168 áp dụng cơ chế trừ điểm giấy phép lái xe (từ 4 đến 10 điểm) đối với hành vi vi phạm nồng độ cồn bên cạnh hình thức phạt tiền và tước quyền sử dụng giấy phép lái xe.","Thông tư 10/2026/TT-BGDĐT của Bộ Giáo dục và Đào tạo quy định chi tiết quản lý văn bằng, chứng chỉ trong toàn hệ thống giáo dục quốc dân, bao gồm cấp bản gốc duy nhất, cấp bản sao từ sổ gốc, chỉnh sửa thông tin hợp pháp, thu hồi, hủy bỏ và giá trị pháp lý của văn bằng số tương đương bản giấy.","Circular No. 10/2026/TT-BGDĐT issued by the Ministry of Education and Training provides detailed regulations on the management of diplomas and certificates across the national education system, including issuance of a single original, issuance of copies from the original register, lawful information corrections, revocation, annulment, and the legal validity of digital diplomas equivalent to paper versions."
https://youtu.be/MUhiSuWMhlE?si=y7m88lVisQ79YFG9,"Nghị định số 81/2026 quy định xử phạt vi phạm hành chính trong lĩnh vực giao thông đường sắt, có hiệu lực từ ngày 15 tháng … . Nghị định này bãi bỏ toàn bộ Nghị định 100/2019, tách bạch xử phạt theo từng lĩnh vực giao thông và tiếp tục điều chỉnh cơ chế trừ điểm, phục hồi điểm giấy phép lái xe cho vi phạm trật tự, an toàn giao thông đường bộ.","Nghị định 81/2026/NĐ-CP quy định xử phạt vi phạm hành chính trong lĩnh vực giao thông đường sắt (có hiệu lực từ ngày 15/05/2026) chính thức bãi bỏ toàn bộ Nghị định 100/2019/NĐ-CP để tách bạch quản lý theo từng lĩnh vực chuyên ngành. Theo đó, các hành vi vi phạm trật tự an toàn giao thông đường bộ sẽ áp dụng theo các nghị định chuyên ngành riêng (như Nghị định 168/2024/NĐ-CP và Nghị định 336/2025/NĐ-CP), bao gồm cả cơ chế trừ điểm và phục hồi điểm giấy phép lái xe.","Nghị định số 81/2026/NĐ-CP quy định xử phạt vi phạm hành chính trong lĩnh vực giao thông đường sắt, có hiệu lực từ ngày 15/05/2026, bãi bỏ toàn bộ Nghị định 100/2019/NĐ-CP và tách bạch quản lý theo từng lĩnh vực; các vi phạm trật tự, an toàn giao thông đường bộ áp dụng theo các nghị định chuyên ngành riêng, bao gồm cơ chế trừ điểm và phục hồi điểm giấy phép lái xe.","Decree No. 81/2026/ND-CP regulates administrative penalties in the railway transport sector, effective from May 15, 2026, abolishing Decree 100/2019/ND-CP and separating management by sector; road traffic violations are governed by separate sector-specific decrees, including the points deduction and license points restoration mechanism."
https://youtu.be/ykEiVPt0p6o?si=PHrFHVPf2Tf9G0Yn,"Nghị định mới thay thế Nghị định 131 quy định chi tiết chính sách ưu đãi người có công với cách mạng và thân nhân, bao gồm điều kiện công nhận, thủ tục hồ sơ, thẩm quyền xét duyệt và mức trợ cấp. Văn bản bổ sung các nhóm đối tượng, đơn giản hóa quy trình, rút ngắn thời gian giải quyết và tăng minh bạch trong công nhận liệt sĩ, thương binh, thân nhân và các đối tượng liên quan. Các cơ quan có thẩm quyền phải tiếp nhận, xác nhận và giải quyết hồ sơ theo quy định để đảm bảo quyền lợi người có công.","Nghị định 02/2025/NĐ-CP (thay thế Nghị định 131/2021/NĐ-CP) quy định chi tiết Pháp lệnh ưu đãi người có công với cách mạng năm 2020, chính thức áp dụng từ cuối năm 2025. Nghị định quy định rõ điều kiện, đối tượng (người hoạt động cách mạng trước 1945, liệt sĩ, thương binh, bà mẹ Việt Nam anh hùng...), thủ tục hồ sơ và mức hưởng trợ cấp. Điểm mới bao gồm: bổ sung đối tượng hy sinh trong nhiệm vụ đặc biệt (cứu hộ, chống tội phạm), đơn giản hóa quy trình, phân cấp thẩm quyền xét duyệt rõ ràng và rút ngắn thời gian xử lý hồ sơ (từ 12 đến 70 ngày tùy trường hợp).","Nghị định 02/2025/NĐ-CP thay thế Nghị định 131/2021/NĐ-CP, hướng dẫn chi tiết Pháp lệnh ưu đãi người có công với cách mạng 2020, quy định điều kiện, đối tượng (liệt sĩ, thương binh, người hoạt động cách mạng trước 1945, bà mẹ Việt Nam anh hùng, đối tượng hy sinh trong nhiệm vụ đặc biệt...), thủ tục hồ sơ, thẩm quyền xét duyệt và mức trợ cấp, đồng thời đơn giản hóa quy trình, phân cấp rõ ràng, rút ngắn thời gian giải quyết hồ sơ và tăng minh bạch; áp dụng từ cuối năm 2025.","Decree 02/2025/ND-CP replaces Decree 131/2021/ND-CP, providing detailed guidance on the 2020 Ordinance on Preferential Treatment for Revolution Contributors, specifying eligibility, subjects (martyrs, wounded soldiers, revolution participants before 1945, Vietnamese heroic mothers, those who died in special missions, etc.), application procedures, approval authority, and allowance levels, while simplifying procedures, clarifying authority delegation, shortening processing times, and enhancing transparency; effective from the end of 2025."
https://youtu.be/5DbawXl-id8?si=QflMjUg4gEUTvN9s,"Nghị định 49 và Nghị định 50 năm 2026 của Chính phủ quy định về thẩm quyền cấp sổ đỏ, quy trình thủ tục hành chính và cơ chế tài chính liên quan đến đất đai, nhằm tháo gỡ khó khăn, vướng mắc trong thi hành Luật đất đai 2024, áp dụng từ năm 2026. Văn bản làm rõ thẩm quyền cấp sổ đỏ giữa cơ quan cấp tỉnh, cấp xã và văn phòng đăng ký đất đai, quy định ưu đãi tiền sử dụng đất, hạn mức giao đất, xử lý vi phạm và khấu trừ tiền bồi thường tái định cư.","Nghị định 49/2026/NĐ-CP và Nghị định 50/2026/NĐ-CP ban hành ngày 31/01/2026 quy định chi tiết thi hành Luật Đất đai 2024 với các điểm mới: Sắp xếp lại thẩm quyền cấp sổ đỏ gắn với cơ quan có thẩm quyền quyết định giao đất/cho thuê đất (UBND cấp tỉnh, Chủ tịch UBND cấp xã và Văn phòng đăng ký đất đai là đầu mối quan trọng); quy định 3 trường hợp sửa đổi bảng giá đất và các dự án không áp dụng bảng giá đất; quy định chính sách ưu đãi tiền sử dụng đất chỉ được áp dụng 1 lần duy nhất từ ngày 01/08/2024; bắt buộc doanh nghiệp hoàn trả ưu đãi khi chuyển nhượng/góp vốn và cho phép khấu trừ tiền bồi thường hỗ trợ tái định cư đã ứng trước.","Nghị định 49/2026/NĐ-CP và Nghị định 50/2026/NĐ-CP, ban hành ngày 31/01/2026, quy định chi tiết thi hành Luật Đất đai 2024, bao gồm thẩm quyền cấp sổ đỏ giữa UBND cấp tỉnh, Chủ tịch UBND cấp xã và Văn phòng đăng ký đất đai; cơ chế tài chính, chính sách ưu đãi tiền sử dụng đất một lần từ 01/08/2024, hoàn trả khi chuyển nhượng/góp vốn, khấu trừ tiền bồi thường tái định cư; sửa đổi bảng giá đất trong 3 trường hợp và áp dụng ngoại lệ cho dự án; và xử lý vi phạm liên quan đến đất đai.","Decrees 49/2026/ND-CP and 50/2026/ND-CP, issued on January 31, 2026, provide detailed implementation of the 2024 Land Law, covering the authority to issue land-use right certificates among provincial People's Committees, commune-level Chairpersons, and Land Registration Offices; financial mechanisms, one-time land use fee incentives effective from August 1, 2024, with repayment upon transfer/contribution and deduction of resettlement compensation; adjustments of land price tables in three cases and exemptions for certain projects; and handling of land-related violations."
https://youtu.be/0Jwj1Ngc9S4?si=q1SqVWV529uE6YX6,"Nghị định 340/2026/NĐ-CP quy định xử phạt vi phạm hành chính trong lĩnh vực tiền tệ, ngân hàng, tập trung vào thị trường vàng. Nghị định bổ sung mức phạt cao, biện pháp đình chỉ hoạt động, tịch thu lợi bất hợp pháp, siết chặt kiểm soát trung gian, nhằm lập lại trật tự thị trường và tăng sức răn đe. Người dân và doanh nghiệp khi giao dịch vàng cần tuân thủ các điều kiện kinh doanh, mua bán tại cơ sở hợp pháp và lưu giữ chứng từ hợp pháp.","Nghị định 340/2026/NĐ-CP quy định xử phạt vi phạm hành chính trong lĩnh vực tiền tệ và ngân hàng (thay thế Nghị định 88/2019/NĐ-CP) có hiệu lực từ ngày 09 tháng tới. Văn bản tập trung siết chặt kỷ luật thị trường vàng thông qua việc tăng mạnh mức phạt tiền đối với tổ chức, áp dụng biện pháp đình chỉ hoạt động từ 6 đến 9 tháng, tịch thu tang vật và lợi nhuận bất hợp pháp đối với các hành vi kinh doanh vàng miếng không phép. Nghị định nhằm chấm dứt tình trạng dùng vàng làm phương tiện thanh toán, hạn chế đầu cơ, thao túng giá và buộc các cửa hàng nhỏ lẻ phải chuyển đổi mô hình hoặc tuân thủ điều kiện làm đại lý chính quy.","Nghị định 340/2026/NĐ-CP quy định xử phạt vi phạm hành chính trong lĩnh vực tiền tệ, ngân hàng, đặc biệt là thị trường vàng, thay thế Nghị định 88/2019/NĐ-CP, có hiệu lực từ ngày 09 tháng tới. Nghị định tăng mức phạt, áp dụng biện pháp đình chỉ hoạt động 6–9 tháng, tịch thu lợi bất hợp pháp, siết chặt kiểm soát trung gian, cấm dùng vàng làm phương tiện thanh toán, hạn chế đầu cơ, thao túng giá, và yêu cầu người dân, doanh nghiệp tuân thủ điều kiện kinh doanh hợp pháp.","Decree 340/2026/ND-CP stipulates administrative penalties in the monetary and banking sectors, especially the gold market, replacing Decree 88/2019/ND-CP, effective from the 9th of next month. The decree raises fines, applies 6–9 month business suspensions, confiscates illicit profits, tightens intermediary controls, prohibits using gold as a payment method, limits speculation and price manipulation, and requires citizens and businesses to comply with lawful trading conditions."
https://youtu.be/BaRAdXRLfb0?si=QD7lMnoSJ7hD-dG4,"Nghị định 68/2026/NĐ-CP hướng dẫn cách tính thuế cho hộ kinh doanh và cá nhân kinh doanh năm 2026, phân theo doanh thu và phương pháp tính thuế (trực tiếp trên doanh thu hoặc trên lợi nhuận). Nghị định quy định mức thuế suất, ổn định phương pháp tính thuế 2 năm, và yêu cầu sổ sách kế toán phù hợp. Nhóm có doanh thu dưới 500 triệu đồng không chịu thuế; nhóm doanh thu trên 3 tỷ áp dụng thuế trên lợi nhuận; nhóm dưới 3 tỷ hoặc mới đăng ký áp dụng trực tiếp trên doanh thu.","Nghị định 68/2026/NĐ-CP quy định cách tính thuế năm 2026 cho hộ và cá nhân kinh doanh: Nhóm doanh thu dưới 500 triệu đồng được miễn thuế GTGT và TNCN. Nhóm doanh thu trên 3 tỷ đồng (hoặc nhóm dưới 3 tỷ tự nguyện lựa chọn) đóng thuế GTGT trực tiếp trên doanh thu và thuế TNCN theo lợi nhuận (thuế suất 17% hoặc 20%), phải áp dụng ổn định trong 2 năm. Nhóm doanh thu dưới 3 tỷ đồng hoặc mới đăng ký năm 2026 được áp dụng phương pháp trực tiếp trên doanh thu (thuế suất 1%, 3%, 5% tùy ngành nghề) và sử dụng sổ kế toán S2A; nếu doanh thu thực tế cuối năm vượt 3 tỷ vẫn được áp dụng phương pháp này cho hết năm 2026 nhưng phải chuyển đổi sang phương pháp tính trên lợi nhuận từ năm 2027.","Nghị định 68/2026/NĐ-CP hướng dẫn tính thuế năm 2026 cho hộ và cá nhân kinh doanh theo doanh thu và phương pháp tính thuế (trực tiếp trên doanh thu hoặc trên lợi nhuận), quy định mức thuế suất, ổn định phương pháp tính thuế trong 2 năm và yêu cầu sổ kế toán phù hợp; nhóm doanh thu dưới 500 triệu đồng được miễn thuế, nhóm doanh thu trên 3 tỷ đồng đóng thuế trên lợi nhuận, nhóm dưới 3 tỷ hoặc mới đăng ký áp dụng trực tiếp trên doanh thu với sổ kế toán S2A, chuyển sang tính trên lợi nhuận từ năm 2027 nếu vượt 3 tỷ.","Decree 68/2026/ND-CP provides guidance on calculating taxes in 2026 for household and individual businesses based on revenue and tax calculation methods (directly on revenue or on profit), stipulating tax rates, stabilizing the calculation method for 2 years, and requiring appropriate accounting books; businesses with revenue under 500 million VND are tax-exempt, those over 3 billion VND pay tax on profit, and those under 3 billion or newly registered apply direct revenue taxation with S2A accounting books, switching to profit-based taxation from 2027 if revenue exceeds 3 billion VND."
https://www.youtube.com/watch?v=bB5vdtcxI7M,"Văn bản tổng hợp các chính sách thuế mới có hiệu lực từ năm 2026, bao gồm tăng mức giảm trừ gia cảnh thuế thu nhập cá nhân, giảm 2% thuế VAT, bỏ thuế khoán cho hộ kinh doanh, sửa đổi thuế giá trị gia tăng trong nông nghiệp, kéo dài miễn thuế đất nông nghiệp tới 2030 và duy trì mức thuế bảo vệ môi trường với nhiên liệu. Văn bản hướng dẫn cách tính thuế, kê khai và áp dụng các chính sách mới nhằm hỗ trợ người dân và doanh nghiệp.","Văn bản tổng hợp 06 chính sách thuế quan trọng áp dụng từ năm 2026: (1) Tăng mức giảm trừ gia cảnh thuế TNCN lên 15,5 triệu đồng/người nộp thuế và 6,2 triệu đồng/người phụ thuộc; (2) Tiếp tục giảm 2% thuế VAT đến hết 31/12/2026 cho một số nhóm hàng hóa, dịch vụ; (3) Bỏ thuế khoán, thay bằng phương pháp trực tiếp trên doanh thu (cho hộ có doanh thu từ 200 triệu đến 3 tỷ đồng) hoặc phương pháp khấu trừ (cho hộ có doanh thu trên 3 tỷ đồng); (4) Đề xuất sửa đổi Luật thuế VAT trong lĩnh vực nông nghiệp để tháo gỡ khó khăn về hoàn thuế và chi phí đầu vào; (5) Kéo dài thời gian miễn thuế sử dụng đất nông nghiệp đến hết năm 2030; (6) Duy trì mức thuế bảo vệ môi trường đối với xăng dầu như năm 2025 (riêng nhiên liệu bay tăng lên 1.500 đồng/lít).","Văn bản tổng hợp 06 chính sách thuế áp dụng từ năm 2026, gồm: tăng mức giảm trừ gia cảnh thuế TNCN lên 15,5 triệu đồng/người và 6,2 triệu đồng/người phụ thuộc; giảm 2% thuế VAT đến hết 31/12/2026 cho một số nhóm hàng hóa, dịch vụ; bỏ thuế khoán cho hộ kinh doanh, áp dụng phương pháp trực tiếp hoặc khấu trừ tùy doanh thu; sửa đổi thuế VAT trong nông nghiệp; kéo dài miễn thuế đất nông nghiệp đến hết 2030; duy trì mức thuế bảo vệ môi trường với xăng dầu và tăng nhiên liệu bay lên 1.500 đồng/lít. Văn bản hướng dẫn tính thuế, kê khai và áp dụng các chính sách mới để hỗ trợ người dân và doanh nghiệp.","The document consolidates six tax policies effective from 2026, including: increasing personal income tax deductions to 15.5 million VND per taxpayer and 6.2 million VND per dependent; reducing VAT by 2% until December 31, 2026, for certain goods and services; abolishing flat-rate tax for business households with direct or deduction methods depending on revenue; revising VAT in agriculture; extending agricultural land tax exemption until 2030; maintaining environmental protection tax on fuel and increasing aviation fuel tax to 1,500 VND/liter. The document provides guidance on tax calculation, declaration, and application of the new policies to support citizens and businesses."
https://www.youtube.com/watch?v=9nJKdasC2o4,"Văn bản thông báo các chính sách thuế, giảm trừ gia cảnh, VAT và bãi bỏ thuế môn bài từ năm 2026, nhấn mạnh cải cách hành chính hướng tới phục vụ người dân, đồng thời cập nhật một số sự kiện về an sinh xã hội, phòng chống tội phạm và giá xăng dầu trong dịp đầu năm.","Từ 01/01/2026, các chính sách thuế quan trọng chính thức có hiệu lực: (1) Hộ kinh doanh từng bước chuyển sang kê khai, bắt buộc dùng hóa đơn điện tử nếu doanh thu trên 1 tỷ đồng; (2) Mức giảm trừ gia cảnh tăng lên 15,5 triệu đồng cho bản thân và 6,2 triệu đồng cho mỗi người phụ thuộc; (3) Thuế VAT 2% tiếp tục được giảm đến hết năm 2026; (4) Bãi bỏ thuế môn bài đối với doanh nghiệp. Ngoài ra, văn bản phản ánh nỗ lực cải cách hành chính tại ĐBSCL, tình hình an ninh trật tự (cứu hộ tàu cá, phá chuyên án ma túy, buôn lậu, hóa đơn giả, đánh bạc mạng) và cập nhật giá xăng dầu giảm, áp lực vận tải hàng không dịp Tết Dương lịch 2026.","Từ 01/01/2026, các chính sách thuế quan trọng chính thức có hiệu lực, bao gồm chuyển hộ kinh doanh sang kê khai và bắt buộc dùng hóa đơn điện tử nếu doanh thu trên 1 tỷ đồng, tăng mức giảm trừ gia cảnh, giảm thuế VAT 2% đến hết năm 2026, và bãi bỏ thuế môn bài; đồng thời, văn bản nhấn mạnh cải cách hành chính, cập nhật tình hình an ninh trật tự, phòng chống tội phạm, và giá xăng dầu đầu năm.","From January 1, 2026, key tax policies take effect, including transitioning business households to declaration with mandatory electronic invoices for revenue over 1 billion VND, increased personal and dependent deductions, 2% VAT reduction through the end of 2026, and abolishment of the license tax; the document also emphasizes administrative reforms, updates on public security, crime prevention, and fuel prices at the start of the year."
https://www.youtube.com/watch?v=eZicYdfOGYA,"Văn bản gồm Nghị định 296/2025 quy định về cưỡng chế thi hành quyết định xử phạt vi phạm hành chính, mở rộng đối tượng khấu trừ lương, bảo đảm quyền lợi tối thiểu và tính nhân văn; Nghị định 340/2025 quy định mức phạt vi phạm trong kinh doanh vàng và ngoại tệ; đồng thời nêu thông tin về điều khoản dịch vụ mới của Zalo ảnh hưởng đến quyền sử dụng tài khoản người dùng.","Văn bản tổng hợp 03 nội dung chính: (1) Nghị định 296/2025/NĐ-CP (có hiệu lực từ 01/01/2026) mở rộng đối tượng bị cưỡng chế khấu trừ lương/thu nhập (bao gồm cả lao động thời vụ, quân đội, công an), quy định tỷ lệ khấu trừ không quá 30% thu nhập thực nhận và xem xét hoàn cảnh gia đình; (2) Nghị định 340/2025/NĐ-CP (có hiệu lực từ 09/01/2026) tăng mức phạt vi phạm kinh doanh vàng (lên đến 400 triệu đồng) và mua bán ngoại tệ tại tổ chức không được phép (lên đến 100 triệu đồng); (3) Zalo cập nhật điều khoản dịch vụ mới, yêu cầu người dùng đồng ý thu thập dữ liệu cá nhân, nếu từ chối sẽ bị tạm ngừng dịch vụ và có nguy cơ bị xóa tài khoản sau 45 ngày không hoạt động.","Văn bản tổng hợp gồm ba nội dung chính: (1) Nghị định 296/2025/NĐ-CP (có hiệu lực từ 01/01/2026) mở rộng đối tượng cưỡng chế khấu trừ lương/thu nhập, bao gồm lao động thời vụ, quân đội, công an, với tỷ lệ khấu trừ tối đa 30% và xem xét hoàn cảnh gia đình; (2) Nghị định 340/2025/NĐ-CP (có hiệu lực từ 09/01/2026) nâng mức phạt vi phạm kinh doanh vàng lên 400 triệu đồng và mua bán ngoại tệ trái phép lên 100 triệu đồng; (3) Zalo cập nhật điều khoản dịch vụ mới, yêu cầu người dùng đồng ý thu thập dữ liệu cá nhân, từ chối sẽ bị tạm ngừng dịch vụ và có nguy cơ bị xóa tài khoản sau 45 ngày không hoạt động.","The document consolidates three main contents: (1) Decree 296/2025/ND-CP (effective from January 1, 2026) expands the subjects for wage/income enforcement, including seasonal workers, military, and police, with a maximum deduction of 30% and consideration of family circumstances; (2) Decree 340/2025/ND-CP (effective from January 9, 2026) increases penalties for gold trading violations up to VND 400 million and unauthorized currency trading up to VND 100 million; (3) Zalo updates its service terms, requiring users to consent to personal data collection, with refusal resulting in temporary suspension and potential account deletion after 45 days of inactivity."
https://www.youtube.com/watch?v=rRGa6W8HWCI,"Nghị định 282/2025/NĐ-CP quy định mức xử phạt vi phạm hành chính về căn cước và quản lý cư trú, tăng mức phạt đối với các hành vi không xuất trình, làm giả, tẩy xóa thẻ căn cước, vi phạm đăng ký cư trú và cho thuê, cầm cố thẻ. Văn bản cũng quy định hình phạt bổ sung như tịch thu tang vật, phương tiện vi phạm và nộp lại lợi ích bất hợp pháp.","Nghị định 282/2025/NĐ-CP (hiệu lực từ 15/12/2025) tăng mức phạt vi phạm về căn cước và cư trú: Phạt 0,5–1 triệu đồng nếu không xuất trình thẻ căn cước; 2–4 triệu đồng cho hành vi tẩy xóa thẻ hoặc vi phạm đăng ký cư trú; 4–8 triệu đồng nếu làm giả dữ liệu căn cước hoặc cản trở kiểm tra cư trú; cao nhất 8–10 triệu đồng đối với hành vi sử dụng thẻ giả, cầm cố, thuê/cho thuê thẻ căn cước và 8–12 triệu đồng đối với làm giả dữ liệu cư trú. Ngoài ra, văn bản cảnh báo đợt triều cường đạt đỉnh tại TP.HCM từ ngày 6–8/11/2025 kết hợp mưa lớn do bão số 13, gây ngập sâu vào các khung giờ tan tầm, yêu cầu người dân đề phòng lốc xoáy và sét đánh.","Nghị định 282/2025/NĐ-CP (có hiệu lực từ 15/12/2025) quy định xử phạt vi phạm hành chính về căn cước và quản lý cư trú, tăng mức phạt từ 0,5–12 triệu đồng tùy hành vi, bao gồm không xuất trình, làm giả, tẩy xóa, cầm cố, thuê/cho thuê thẻ căn cước và vi phạm đăng ký cư trú, đồng thời áp dụng hình phạt bổ sung như tịch thu tang vật, phương tiện vi phạm và nộp lại lợi ích bất hợp pháp.","Decree 282/2025/ND-CP (effective from December 15, 2025) stipulates administrative penalties for ID and residence management violations, increasing fines from 0.5–12 million VND depending on the act, including failure to present, forgery, alteration, pawning, renting/leasing ID cards, and residence registration violations, with additional penalties such as confiscation of items, violating means, and returning illicit gains."
https://www.youtube.com/watch?v=mng0k2RqbeI,"Phòng Cảnh sát giao thông PC08 Công an TP. Hồ Chí Minh khuyến cáo người dân khi mua, bán hoặc chuyển quyền sở hữu xe cần thực hiện đầy đủ thủ tục thu hồi, sang tên xe và cung cấp thông tin chính xác để tránh rủi ro pháp lý. Cơ quan đang tổng rà soát, số hóa dữ liệu đăng ký xe, đối chiếu thông tin với cư trú để loại bỏ dữ liệu trùng lặp, sai sót và đảm bảo quản lý phương tiện hiệu quả.","Phòng Cảnh sát giao thông PC08 Công an TP.HCM khuyến cáo người bán xe phải làm thủ tục thu hồi đăng ký, biển số trong vòng 30 ngày để tránh bị xử phạt (từ 4–6 triệu đồng với cá nhân, 8–12 triệu đồng với tổ chức) và chịu trách nhiệm pháp lý liên quan. Trường hợp đã bán xe nhưng chưa làm thủ tục thu hồi, chủ xe cần đến Công an cấp xã khai báo thông tin giao dịch để cập nhật trạng thái; người mua xe không tìm được chủ cũ phải đến cơ quan đăng ký xe làm thủ tục truy nguyên, sang tên. Hiện cơ quan công an đang thực hiện tổng rà soát, số hóa hồ sơ để ""làm sạch"" dữ liệu, gắn mã định danh chủ xe và phương tiện trên hệ thống VNEID nhằm quản lý chính xác và phục vụ các thủ tục hành chính trực tuyến.","Phòng Cảnh sát giao thông PC08 Công an TP. Hồ Chí Minh khuyến cáo người dân thực hiện đầy đủ thủ tục thu hồi, sang tên xe và cung cấp thông tin chính xác để tránh rủi ro pháp lý; cơ quan đang tổng rà soát, số hóa, gắn mã định danh cho dữ liệu đăng ký xe để loại bỏ sai sót, trùng lặp và quản lý phương tiện hiệu quả. Chủ xe phải khai báo trong vòng 30 ngày sau khi bán; người mua không tìm được chủ cũ phải làm thủ tục truy nguyên, sang tên.","The PC08 Traffic Police Department of Ho Chi Minh City advises citizens to complete all vehicle registration cancellation and transfer procedures and provide accurate information to avoid legal risks; the agency is reviewing, digitizing, and assigning identification codes to vehicle registration data to eliminate errors, duplicates, and manage vehicles efficiently. Vehicle owners must report within 30 days after selling; buyers unable to locate the previous owner must carry out tracing and transfer procedures."
https://youtube.com/shorts/dP0fTCQDWYc?si=jttKx3c_Sgw7nSu6,"Quyết định số 936/QĐ-TTg ban hành kế hoạch triển khai thi hành Luật Công nghiệp quốc phòng, an ninh và động viên công nghiệp, xác định nội dung, tiến độ và trách nhiệm của các cơ quan liên quan, đảm bảo triển khai đồng bộ, hiệu lực, hiệu quả. Kế hoạch tập trung tuyên truyền, phổ biến, giáo dục pháp luật, rà soát văn bản liên quan và kiểm tra thi hành luật.","Quyết định số 936/QĐ-TTg ban hành kế hoạch triển khai thi hành Luật Công nghiệp quốc phòng, an ninh và động viên công nghiệp nhằm đảm bảo sự đồng bộ, thống nhất và hiệu quả trên phạm vi cả nước. Kế hoạch tập trung vào 05 nhóm nhiệm vụ chính: tuyên truyền phổ biến giáo dục pháp luật và tập huấn chuyên sâu; rà soát các văn bản pháp luật liên quan; xây dựng hệ thống văn bản quy định chi tiết (gồm 05 Nghị định, 03 Quyết định của Thủ tướng và 04 Thông tư); tổ chức kiểm tra việc thi hành luật và các văn bản hướng dẫn.","Quyết định số 936/QĐ-TTg ban hành kế hoạch triển khai thi hành Luật Công nghiệp quốc phòng, an ninh và động viên công nghiệp, xác định nội dung, tiến độ và trách nhiệm của các cơ quan liên quan, đảm bảo triển khai đồng bộ, thống nhất và hiệu quả trên toàn quốc. Kế hoạch tập trung tuyên truyền, phổ biến, giáo dục pháp luật, tập huấn chuyên sâu, rà soát văn bản liên quan, xây dựng hệ thống văn bản quy định chi tiết và tổ chức kiểm tra việc thi hành luật.","Decision No. 936/QD-TTg issues the plan for implementing the Law on Defense, Security, and Industrial Mobilization, specifying the content, schedule, and responsibilities of relevant agencies to ensure synchronized, consistent, and effective nationwide execution. The plan focuses on legal dissemination, education, in-depth training, reviewing related documents, developing a system of detailed regulations, and inspecting the law's implementation."
https://youtu.be/QKvvGvHVzGk?si=LYiFxky1xWiOrXdC,"Luật Công chứng năm 2024 quy định về hoạt động công chứng, bổ sung các điểm mới về khái niệm, hành vi bị nghiêm cấm, tiêu chuẩn bổ nhiệm công chứng viên, thời gian tập sự, giới hạn tuổi, tổ chức hành nghề, công chứng điện tử và công chứng giao dịch bất động sản. Luật nhằm nâng cao chất lượng, trách nhiệm và hiệu quả hoạt động công chứng, tạo cơ sở pháp lý cho chuyển đổi số và phát triển bền vững ngành công chứng.",Luật Công chứng năm 2024 (hiệu lực từ 01/01/2025) có các điểm mới: Làm rõ khái niệm công chứng là dịch vụ công; bổ sung hành vi bị nghiêm cấm; hạ tiêu chuẩn thời gian công tác pháp luật từ 5 xuống 3 năm; bãi bỏ miễn đào tạo nghề (mọi đối tượng phải tập sự 12 tháng); quy định độ tuổi hành nghề tối đa là 70 tuổi; Phòng công chứng phải có ít nhất 2 công chứng viên; cho phép thành lập Văn phòng công chứng theo loại hình doanh nghiệp tư nhân tại vùng mật độ dân số thấp; bổ sung quy định về công chứng điện tử và điều chỉnh thẩm quyền địa hạt đối với một số giao dịch bất động sản.,"Luật Công chứng năm 2024 (hiệu lực từ 01/01/2025) quy định hoạt động công chứng, làm rõ khái niệm công chứng là dịch vụ công, bổ sung hành vi bị nghiêm cấm, hạ tiêu chuẩn thời gian công tác pháp luật từ 5 xuống 3 năm, yêu cầu tập sự 12 tháng, giới hạn tuổi hành nghề tối đa 70 tuổi, quy định tối thiểu 2 công chứng viên/phòng công chứng, cho phép thành lập Văn phòng công chứng tư nhân tại vùng dân cư thưa, bổ sung công chứng điện tử và điều chỉnh thẩm quyền địa hạt với giao dịch bất động sản, nhằm nâng cao chất lượng, trách nhiệm và hiệu quả công chứng, tạo cơ sở pháp lý cho chuyển đổi số và phát triển bền vững ngành công chứng.","The 2024 Notarization Law (effective from January 1, 2025) regulates notarization activities, clarifies that notarization is a public service, adds prohibited acts, reduces legal practice experience requirements from 5 to 3 years, mandates a 12-month apprenticeship, sets a maximum practice age of 70, requires at least 2 notaries per notary office, allows private notary offices in low-density areas, incorporates electronic notarization, and adjusts territorial authority for real estate transactions, aiming to enhance quality, accountability, and efficiency in notarization and provide a legal basis for digital transformation and sustainable development of the notarization sector."
https://youtu.be/WO3flICIMP4?si=VsGM4jt6rBMnvKIH,"Luật Công đoàn năm 2024 quy định quyền thành lập, gia nhập và hoạt động công đoàn của người lao động, bao gồm cả lao động nước ngoài làm việc tại Việt Nam. Luật xác định hệ thống tổ chức công đoàn bốn cấp, bổ sung quy định về tài chính công đoàn, trách nhiệm người sử dụng lao động trong việc thừa nhận, phối hợp và tạo điều kiện hoạt động công đoàn nhằm bảo vệ quyền lợi người lao động.","Luật Công đoàn năm 2024 (hiệu lực từ 01/07/2025) mở rộng quyền gia nhập công đoàn cho lao động nước ngoài làm việc tại Việt Nam từ đủ 12 tháng trở lên; cho phép tổ chức của người lao động tại doanh nghiệp gia nhập Công đoàn Việt Nam; quy định hệ thống tổ chức 4 cấp; bổ sung quy định minh bạch tài chính công đoàn và xác định rõ trách nhiệm của người sử dụng lao động trong việc tạo điều kiện, phối hợp xây dựng quy chế hoạt động với công đoàn.","Luật Công đoàn năm 2024, có hiệu lực từ 01/07/2025, quy định quyền thành lập, gia nhập và hoạt động công đoàn của người lao động, bao gồm lao động nước ngoài làm việc tại Việt Nam từ đủ 12 tháng trở lên, xác định hệ thống tổ chức công đoàn bốn cấp, bổ sung quy định về minh bạch tài chính công đoàn và trách nhiệm của người sử dụng lao động trong việc phối hợp, tạo điều kiện và xây dựng quy chế hoạt động công đoàn.","The 2024 Trade Union Law, effective from July 1, 2025, stipulates the rights to establish, join, and participate in trade unions for workers, including foreign workers employed in Vietnam for at least 12 months, defines a four-level trade union system, adds provisions on union financial transparency, and specifies employer responsibilities in coordinating, facilitating, and developing union operating regulations."
https://youtu.be/BnOfMoo-BzM?si=b0O4qU2UBBqSEWlZ,"Luật Quảng cáo sửa đổi có hiệu lực từ ngày 01/05/2026, quy định nghĩa vụ của người truyền tải quảng cáo, trách nhiệm của người có ảnh hưởng, điều kiện cung cấp dịch vụ quảng cáo xuyên biên giới, trách nhiệm của mạng xã hội và giới hạn thời lượng quảng cáo trên truyền hình nhằm bảo vệ người tiêu dùng, đảm bảo chất lượng sản phẩm và tuân thủ pháp luật.","Luật Quảng cáo sửa đổi (hiệu lực từ 01/01/2026) quy định các điểm mới: Xác định nghĩa vụ thuế và trách nhiệm pháp lý của người truyền tải quảng cáo; lần đầu quy định trách nhiệm của người có ảnh hưởng (có thể bị xử lý hình sự nếu quảng cáo sai sự thật); quy định điều kiện dịch vụ quảng cáo xuyên biên giới; yêu cầu nhận diện và kiểm soát quảng cáo trên mạng; quy định trách nhiệm của mạng xã hội trong việc phân biệt nội dung quảng cáo, ngăn chặn quảng cáo vi phạm trong 24 giờ và giới hạn thời lượng quảng cáo trên truyền hình.","Luật Quảng cáo sửa đổi, có hiệu lực từ ngày 01/01/2026, quy định nghĩa vụ thuế và trách nhiệm pháp lý của người truyền tải quảng cáo, trách nhiệm của người có ảnh hưởng, điều kiện cung cấp dịch vụ quảng cáo xuyên biên giới, yêu cầu nhận diện và kiểm soát quảng cáo trên mạng, trách nhiệm của mạng xã hội trong ngăn chặn quảng cáo vi phạm trong 24 giờ, giới hạn thời lượng quảng cáo trên truyền hình, nhằm bảo vệ người tiêu dùng, đảm bảo chất lượng sản phẩm và tuân thủ pháp luật.","The amended Advertising Law, effective from January 1, 2026, stipulates the tax obligations and legal responsibilities of advertisers, the responsibilities of influencers, conditions for cross-border advertising services, requirements for online ad identification and control, social media responsibilities to remove violating ads within 24 hours, limits on TV ad duration, aiming to protect consumers, ensure product quality, and comply with the law."
https://youtu.be/94cdrd85lzg?si=0y1d-qKQ67vNEa_e,"Luật Việc làm sửa đổi, có hiệu lực từ ngày 01/05/2026, mở rộng đối tượng tham gia và nâng cao quyền lợi bảo hiểm thất nghiệp, quy định rõ chế độ hỗ trợ đào tạo, nâng cao trình độ kỹ năng nghề cho người lao động và điều kiện hỗ trợ người sử dụng lao động nhằm tăng tỷ lệ lao động qua đào tạo và bảo vệ quyền lợi người lao động.","Luật Việc làm sửa đổi được Quốc hội khóa 15 thông qua ngày 16/06/2025, có hiệu lực từ 01/05/2026, tập trung mở rộng đối tượng tham gia bảo hiểm thất nghiệp (gồm lao động có hợp đồng từ 1 tháng và người có thỏa thuận làm việc có trả công) cùng các chế độ hỗ trợ như đào tạo nâng cao kỹ năng nghề và hỗ trợ tiền ăn, nhằm bảo vệ quyền lợi người lao động và duy trì việc làm.","Luật Việc làm sửa đổi, được Quốc hội khóa 15 thông qua ngày 16/06/2025, có hiệu lực từ 01/05/2026, mở rộng đối tượng tham gia bảo hiểm thất nghiệp, quy định chế độ hỗ trợ đào tạo nâng cao kỹ năng nghề, hỗ trợ tiền ăn và điều kiện hỗ trợ người sử dụng lao động, nhằm tăng tỷ lệ lao động qua đào tạo, bảo vệ quyền lợi người lao động và duy trì việc làm.","The amended Employment Law, passed by the 15th National Assembly on June 16, 2025, effective from May 1, 2026, expands the scope of unemployment insurance participants, stipulates support for vocational training, meal allowances, and employer support conditions to increase the trained workforce, protect workers' rights, and maintain employment."
https://youtu.be/fUcfsswUULg?si=Urr2EioGotvl-6ai,"Văn bản hướng dẫn nội dung hoạt động nghề nghiệp của nhà giáo, bao gồm giảng dạy, giáo dục, chuẩn bị bài giảng, học tập bồi dưỡng, nghiên cứu khoa học, phục vụ cộng đồng và các hoạt động chuyên môn khác, được thực hiện theo cấp học, trình độ đào tạo và nhiệm vụ cụ thể của từng loại giáo viên, giảng viên.","Hoạt động nghề nghiệp của nhà giáo là hoạt động chuyên nghiệp, sáng tạo nhằm phát triển toàn diện người học, bao gồm các nội dung: chuẩn bị và tổ chức giảng dạy, đánh giá người học, học tập bồi dưỡng, nghiên cứu khoa học, phục vụ cộng đồng và các hoạt động chuyên môn khác; đồng thời quy định nhiệm vụ cụ thể cho từng đối tượng từ giáo viên mầm non đến giảng viên đại học, lực lượng vũ trang theo cấp học và trình độ đào tạo.","Hoạt động nghề nghiệp của nhà giáo là các hoạt động chuyên môn và sáng tạo nhằm phát triển toàn diện người học, bao gồm chuẩn bị và tổ chức giảng dạy, giáo dục, đánh giá người học, học tập bồi dưỡng, nghiên cứu khoa học, phục vụ cộng đồng và các hoạt động chuyên môn khác, được thực hiện theo cấp học, trình độ đào tạo và nhiệm vụ cụ thể của từng loại giáo viên, giảng viên, từ giáo viên mầm non đến giảng viên đại học và lực lượng vũ trang.","Professional activities of teachers are specialized and creative actions aimed at the comprehensive development of learners, including preparing and delivering lessons, education, learner assessment, professional training, scientific research, community service, and other professional activities, carried out according to the education level, training qualifications, and specific duties of each type of teacher, from preschool teachers to university lecturers and armed forces educators."
https://youtu.be/pJTetylFw4U?si=lSHlj5dbN5hgi-a1,"Văn bản hướng dẫn vị trí, vai trò và chính sách của nhà nước về xây dựng và phát triển đội ngũ nhà giáo, nhấn mạnh nhà giáo là lực lượng nòng cốt trong giáo dục, được tôn trọng, bảo vệ và tôn vinh. Nội dung bao gồm thu hút, trọng dụng, bảo vệ quyền lợi, hỗ trợ đào tạo bồi dưỡng, khuyến khích đổi mới sáng tạo và tạo điều kiện hợp tác quốc tế cho nhà giáo.","Luật Nhà giáo 2025 (hiệu lực từ 01/05/2026) xác định nhà giáo là lực lượng nòng cốt, có vai trò quyết định chất lượng giáo dục; đồng thời quy định các chính sách của Nhà nước như: giữ vai trò chủ đạo trong phát triển đội ngũ, thu hút nhân tài và nhà giáo đến vùng khó khăn, bảo vệ uy tín, ưu tiên tiền lương, đãi ngộ, hỗ trợ đào tạo và thúc đẩy hợp tác quốc tế.","Luật Nhà giáo 2025 (hiệu lực từ 01/05/2026) xác định nhà giáo là lực lượng nòng cốt, quyết định chất lượng giáo dục, được tôn trọng, bảo vệ và tôn vinh; đồng thời quy định các chính sách của Nhà nước bao gồm thu hút nhân tài, trọng dụng nhà giáo ở vùng khó khăn, bảo vệ uy tín, ưu tiên tiền lương và đãi ngộ, hỗ trợ đào tạo bồi dưỡng, khuyến khích đổi mới sáng tạo và thúc đẩy hợp tác quốc tế.","The 2025 Teachers Law (effective from May 1, 2026) defines teachers as a core force, determining education quality, respected, protected, and honored; it also stipulates state policies including attracting talent, prioritizing teachers in difficult areas, safeguarding reputation, ensuring salary and benefits, supporting training, encouraging innovation, and promoting international cooperation."
https://youtu.be/AzUsPMu7WDw?si=Uq7zwK7mwWKHmNg_,"Hội đồng phối hợp phổ biến giáo dục pháp luật TP. Cần Thơ hướng dẫn các nguyên tắc, điều kiện về tách thửa và hợp thửa đất theo Luật Đất đai 2024, bao gồm điều kiện về giấy chứng nhận, diện tích, lối đi, mục đích sử dụng và thủ tục liên quan. UBND cấp tỉnh quy định cụ thể diện tích tối thiểu và điều kiện thực hiện. Cá nhân, tổ chức được khuyến nghị truy cập trang thông tin điện tử để tìm hiểu thêm pháp luật liên quan.","Luật Đất đai 2024 quy định việc tách, hợp thửa đất phải đảm bảo các điều kiện: có giấy chứng nhận, còn thời hạn sử dụng, không tranh chấp/kê biên, có lối đi kết nối giao thông công cộng và đảm bảo diện tích tối thiểu do UBND cấp tỉnh quy định; việc hợp thửa phải cùng mục đích sử dụng đất (hoặc thực hiện đồng thời thủ tục chuyển mục đích, điều chỉnh thời hạn để thống nhất), trường hợp tách thửa không đủ diện tích tối thiểu phải hợp thửa với đất liền kề.","Luật Đất đai 2024 quy định việc tách, hợp thửa đất phải đáp ứng các điều kiện về giấy chứng nhận, thời hạn sử dụng, không tranh chấp hoặc kê biên, có lối đi kết nối giao thông công cộng, đảm bảo diện tích tối thiểu do UBND cấp tỉnh quy định, và cùng mục đích sử dụng đất khi hợp thửa; UBND cấp tỉnh hướng dẫn cụ thể, cá nhân và tổ chức được khuyến nghị tham khảo thông tin pháp luật liên quan.","The 2024 Land Law stipulates that land subdivision and consolidation must meet conditions regarding land use certificates, remaining usage term, absence of disputes or seizure, access to public roads, minimum area as prescribed by the provincial People's Committee, and consistent land use purpose when consolidating; provincial authorities provide specific guidance, and individuals and organizations are encouraged to consult related legal information."
https://www.youtube.com/watch?v=-ZrEJ0tktNM,"Báo Lao Động tư vấn về Luật Bảo hiểm xã hội 2024, hướng dẫn các quy định mới về thời gian đóng bảo hiểm, điều kiện rút bảo hiểm xã hội một lần, cách tính lương hưu, cộng gộp thời gian tham gia bảo hiểm ở nước ngoài, và trợ cấp hưu trí xã hội cho người không có lương hưu. Luật có hiệu lực từ ngày 1/7/2025 và giảm số năm đóng tối thiểu từ 20 xuống 15 năm, đồng thời giảm độ tuổi hưởng trợ cấp hưu trí xã hội từ 80 xuống 75 tuổi, đảm bảo quyền lợi cho người lao động.","Luật Bảo hiểm xã hội 2024 (hiệu lực từ 01/07/2025) giảm điều kiện đóng bảo hiểm tối thiểu để hưởng lương hưu từ 20 xuống 15 năm và hạ độ tuổi hưởng trợ cấp hưu trí xã hội từ 80 xuống 75 tuổi; đồng thời quy định chặt chẽ hơn việc rút bảo hiểm một lần (chỉ áp dụng cho người đóng trước 01/07/2025 hoặc các trường hợp đặc biệt), bổ sung quy định cộng gộp thời gian đóng bảo hiểm quốc tế và điều chỉnh cách tính mức hưởng lương hưu hàng tháng cho lao động nam.","Luật Bảo hiểm xã hội 2024, có hiệu lực từ 01/07/2025, giảm thời gian đóng bảo hiểm tối thiểu từ 20 xuống 15 năm, hạ độ tuổi hưởng trợ cấp hưu trí xã hội từ 80 xuống 75 tuổi, quy định rút bảo hiểm một lần chỉ cho trường hợp đặc biệt hoặc người đóng trước 01/07/2025, bổ sung cộng gộp thời gian đóng bảo hiểm quốc tế và điều chỉnh cách tính lương hưu hàng tháng; đảm bảo quyền lợi cho người lao động.","The 2024 Social Insurance Law, effective from July 1, 2025, reduces the minimum contribution period from 20 to 15 years, lowers the age for receiving social retirement benefits from 80 to 75, restricts one-time withdrawals to special cases or contributors before July 1, 2025, adds provisions for aggregating international insurance contributions, and adjusts the calculation of monthly pensions, ensuring workers' rights."
https://www.youtube.com/watch?v=aC0v-gEjpcg,"Văn bản thông tin về việc mở rộng đối tượng tham gia bảo hiểm xã hội bắt buộc theo Luật Bảo hiểm xã hội 2024, bao gồm chủ hộ kinh doanh, người quản lý doanh nghiệp, người lao động không theo hợp đồng chính thức. Mức đóng 25% lương cơ sở, quyền lựa chọn mức đóng, và lộ trình thực hiện từ năm 2025 đến 2029. Hướng dẫn cơ quan bảo hiểm xã hội phối hợp với các đơn vị liên quan lập danh sách, phổ biến quy định và hỗ trợ người dân tham gia. Chính sách nhằm tăng cường bao phủ, tính công bằng và đảm bảo quyền lợi an sinh xã hội.","Luật Bảo hiểm xã hội 2024 mở rộng thêm 5 nhóm đối tượng tham gia bảo hiểm xã hội bắt buộc (chủ hộ kinh doanh, người hoạt động không chuyên trách cấp xã/thôn, người lao động làm việc không trọn thời gian, người quản lý doanh nghiệp/hợp tác xã không hưởng lương, và người làm việc có trả công dưới hình thức thỏa thuận khác), với mức đóng 25% (3% quỹ ốm đau, 22% quỹ hưu trí tử tuất) và lộ trình thực hiện từ 2025 đến 2029 nhằm tăng độ bao phủ an sinh xã hội.","Luật Bảo hiểm xã hội 2024 mở rộng 5 nhóm đối tượng tham gia bảo hiểm xã hội bắt buộc, bao gồm chủ hộ kinh doanh, người hoạt động không chuyên trách cấp xã/thôn, người lao động không theo hợp đồng chính thức, người quản lý doanh nghiệp/hợp tác xã không hưởng lương, và người làm việc có trả công theo thỏa thuận khác; mức đóng 25% lương cơ sở (3% quỹ ốm đau, 22% quỹ hưu trí tử tuất) với lộ trình từ 2025 đến 2029. Các cơ quan bảo hiểm xã hội phối hợp lập danh sách, phổ biến quy định và hỗ trợ người dân, nhằm tăng bao phủ, tính công bằng và đảm bảo quyền lợi an sinh xã hội.","The 2024 Social Insurance Law expands mandatory social insurance to five groups, including household business owners, non-full-time commune/village officials, informal employees, unpaid managers of enterprises/cooperatives, and workers paid under other agreements; contribution rate is 25% of basic salary (3% for sickness fund, 22% for retirement and survivorship fund) with implementation from 2025 to 2029. Social insurance agencies coordinate to list participants, disseminate regulations, and support citizens, aiming to increase coverage, fairness, and social security benefits."
https://www.youtube.com/watch?v=MEaxIb2e9Y0,"Văn bản thông tin về dự thảo nghị định đánh giá, xếp loại chất lượng công chức, với mục tiêu minh bạch hóa, lượng hóa kết quả, xác định các mức hoàn thành nhiệm vụ từ xuất sắc đến không hoàn thành, đồng thời thiết lập cơ chế chuyển tiếp giữa các vị trí công tác để đảm bảo liên tục. Hướng dẫn cơ quan quản lý áp dụng hệ thống tiêu chí rõ ràng, theo dõi đánh giá liên tục, thu hút nhân sự giỏi và tinh gọn bộ máy hành chính.","Dự thảo nghị định mới về đánh giá công chức thiết lập hệ thống thang điểm rõ ràng (từ dưới 50 đến trên 90 điểm) để xếp loại từ không hoàn thành đến hoàn thành xuất sắc nhiệm vụ, thay thế cách nhận xét định tính bằng tiêu chí lượng hóa minh bạch; đồng thời bổ sung cơ chế chuyển tiếp kết quả đánh giá khi luân chuyển vị trí để đảm bảo tính liên tục, giúp sàng lọc nhân sự yếu kém và thu hút người tài cho nền công vụ.","Dự thảo nghị định về đánh giá công chức thiết lập hệ thống tiêu chí và thang điểm rõ ràng (từ dưới 50 đến trên 90) để xếp loại từ không hoàn thành đến hoàn thành xuất sắc nhiệm vụ, minh bạch hóa và lượng hóa kết quả, đồng thời hướng dẫn cơ quan quản lý theo dõi liên tục, thiết lập cơ chế chuyển tiếp khi luân chuyển vị trí, nhằm đảm bảo liên tục, sàng lọc nhân sự yếu kém và thu hút người tài.","The draft decree on civil servant evaluation establishes a clear criteria and scoring system (from below 50 to above 90) to classify performance from unaccomplished to outstanding, ensuring transparency and quantification of results, guiding management agencies for continuous monitoring, and providing a transition mechanism during position transfers to maintain continuity, filter underperforming staff, and attract talented personnel."
https://www.youtube.com/watch?v=V-67q5dKI7M,"Văn bản thông báo về chính sách bảo hiểm xã hội năm 2026 với bốn quy định mới: tăng mức lương tối thiểu vùng làm căn cứ đóng bảo hiểm xã hội, tăng mức hưởng chế độ thai sản, tăng mức hưởng trợ cấp thất nghiệp tối đa, và tăng mức lương ngừng việc. Các điều chỉnh này nhằm đảm bảo quyền lợi người lao động và tương ứng với mức lương tối thiểu mới từ Nghị định 293/2025/NĐ-CP của Chính phủ.","Từ 01/05/2026, Nghị định 293/2025/NĐ-CP tăng lương tối thiểu vùng tại 4 vùng (mức cao nhất 5,31 triệu đồng/tháng), dẫn đến 4 thay đổi lớn: tăng mức đóng BHXH bắt buộc tối thiểu; tăng mức hưởng chế độ thai sản; tăng trần hưởng trợ cấp thất nghiệp tối đa (không quá 5 lần lương tối thiểu vùng) và trần đóng bảo hiểm thất nghiệp (bằng 20 lần lương tối thiểu vùng); đồng thời tăng tiền lương ngừng việc tối thiểu cho người lao động.","Văn bản thông báo thực hiện Nghị định 293/2025/NĐ-CP từ 01/05/2026, tăng lương tối thiểu vùng tại 4 vùng (mức cao nhất 5,31 triệu đồng/tháng), dẫn đến tăng mức đóng BHXH bắt buộc tối thiểu, tăng mức hưởng chế độ thai sản, tăng trần trợ cấp thất nghiệp tối đa và trần đóng BH thất nghiệp, đồng thời tăng tiền lương ngừng việc tối thiểu, nhằm đảm bảo quyền lợi người lao động.","The document announces the implementation of Decree 293/2025/ND-CP from May 1, 2026, raising regional minimum wages across four regions (highest at 5.31 million VND/month), resulting in increased mandatory social insurance contributions, higher maternity benefits, increased maximum unemployment benefits and unemployment insurance contributions, and higher minimum suspension wages, to ensure workers' rights."
https://www.youtube.com/watch?v=FZWWrpuYf_Y,"Nghị định 168/2026/NĐ-CP quy định về đăng ký doanh nghiệp và hộ kinh doanh, bao gồm hồ sơ, trình tự, thủ tục, đăng ký qua mạng, cung cấp và chia sẻ thông tin doanh nghiệp, quản lý nhà nước về đăng ký doanh nghiệp và hộ kinh doanh, cũng như quy định về đặt tên doanh nghiệp, tránh trùng lặp và vi phạm pháp luật liên quan.","Nghị định 168 quy định toàn diện về hồ sơ, trình tự, thủ tục đăng ký doanh nghiệp và hộ kinh doanh (bao gồm đăng ký qua mạng, liên thông thủ tục và quản lý nhà nước), đặc biệt nhấn mạnh quy định cấm đặt tên trùng hoặc gây nhầm lẫn với doanh nghiệp khác trên phạm vi toàn quốc (trừ trường hợp đã giải thể hoặc phá sản) và nghiêm cấm vi phạm quy định đặt tên tại các luật chuyên ngành như chứng khoán, bảo hiểm, tín dụng.","Nghị định 168/2026/NĐ-CP quy định toàn diện về hồ sơ, trình tự, thủ tục đăng ký doanh nghiệp và hộ kinh doanh, bao gồm đăng ký qua mạng, liên thông thủ tục, quản lý nhà nước, cung cấp và chia sẻ thông tin doanh nghiệp, đồng thời nghiêm cấm đặt tên trùng hoặc gây nhầm lẫn với doanh nghiệp khác và vi phạm các luật chuyên ngành.","Decree 168/2026/ND-CP comprehensively regulates the documents, procedures, and processes for registering businesses and household businesses, including online registration, procedure integration, state management, and provision and sharing of business information, while strictly prohibiting duplicate or misleading business names and violations of specialized laws."
https://www.youtube.com/watch?v=5y0wszzXnf4,"Phiên họp lần thứ tư ban chỉ đạo của Chính phủ đánh giá kết quả thực hiện Nghị quyết 57 về phát triển khoa học, công nghệ, đổi mới sáng tạo và chuyển đổi số, triển khai đề án 06, kết nối cơ sở dữ liệu dân cư với các bộ ngành và địa phương, đồng thời chỉ ra khó khăn, đề xuất giải pháp và yêu cầu hoàn thiện cơ sở dữ liệu, chính quyền số, công dân số và phát triển kinh tế số.","Phiên họp lần thứ tư của Ban chỉ đạo Chính phủ ghi nhận việc hoàn thành 60 nhiệm vụ của Nghị quyết 57, sự tăng trưởng vượt bậc của hạ tầng số và kết quả triển khai Đề án 06 về dữ liệu dân cư; đồng thời Thủ tướng chỉ đạo 6 nhóm nhiệm vụ trọng tâm gồm xây dựng cơ sở dữ liệu dùng chung ""đúng, đủ, sạch, sống"", hoàn thiện chính quyền địa phương hai cấp và đẩy mạnh phong trào ""bình dân học vụ số"" để phát triển xã hội số và kinh tế số.","Phiên họp lần thứ tư của Ban chỉ đạo Chính phủ đánh giá kết quả thực hiện Nghị quyết 57, ghi nhận hoàn thành 60 nhiệm vụ, tăng trưởng hạ tầng số, triển khai Đề án 06 kết nối dữ liệu dân cư; Thủ tướng chỉ đạo 6 nhóm nhiệm vụ trọng tâm gồm xây dựng cơ sở dữ liệu dùng chung chính xác và đầy đủ, hoàn thiện chính quyền địa phương hai cấp, phát triển công dân số, chính quyền số, xã hội số và kinh tế số.","The fourth meeting of the Government Steering Committee reviewed the implementation of Resolution 57, noting the completion of 60 tasks, significant digital infrastructure growth, and the implementation of Project 06 connecting population data; the Prime Minister directed six key task groups including building accurate and complete shared databases, improving two-level local governance, and developing digital citizens, digital government, digital society, and digital economy."
https://www.youtube.com/watch?v=_XEEAlKGVnI,"Luật xử lý vi phạm hành chính năm 2025 sửa đổi, bổ sung một số điều của luật năm 2012 và 2020, quy định bảy điểm mới gồm thời hiệu xử phạt, xử lý vi phạm trên môi trường điện tử, thẩm quyền xử phạt, phạt không lập biên bản, lập biên bản kịp thời, xác minh tình tiết vi phạm và mở rộng thẩm quyền xử phạt cho chủ tịch xã, nhằm đảm bảo hiệu quả, minh bạch trong xử lý vi phạm hành chính.","Luật xử lý vi phạm hành chính sửa đổi 2025 có 7 điểm mới: bổ sung thời hiệu xử phạt (lên đến 2 năm lĩnh vực khiếu nại, tố cáo và tăng thời hạn hồ sơ từ cơ quan tố tụng chuyển đến); quy định cụ thể xử lý trên môi trường điện tử; không quy định mức phạt tiền tối đa cụ thể cho từng chức danh trong luật mà tính theo từng hành vi; tăng mức phạt không lập biên bản (500.000đ với cá nhân, 1 triệu đồng với tổ chức); yêu cầu lập biên bản kịp thời và cho phép ghi ""không xác định được chủ thể""; mở rộng thẩm quyền xác minh cho người lập biên bản; và giao thẩm quyền xử phạt của cấp huyện cho Chủ tịch xã và Trưởng Công an xã.","Luật xử lý vi phạm hành chính năm 2025 sửa đổi, bổ sung một số điều của luật 2012 và 2020, với 7 điểm mới: quy định thời hiệu xử phạt, xử lý vi phạm trên môi trường điện tử, tăng thẩm quyền xử phạt cho Chủ tịch xã và Trưởng Công an xã, phạt không lập biên bản với mức cụ thể, lập biên bản kịp thời, xác minh tình tiết vi phạm và mở rộng thẩm quyền xác minh cho người lập biên bản, nhằm đảm bảo hiệu quả và minh bạch.","The 2025 Law on Handling Administrative Violations amends and supplements certain provisions of the 2012 and 2020 laws, introducing seven new points: specifying limitation periods for penalties, handling violations in the electronic environment, expanding penalty authority to Commune Chairpersons and Commune Police Chiefs, imposing fines for failure to make minutes with specific amounts, timely preparation of minutes, verification of violation details, and expanding verification authority for the person preparing the minutes, ensuring efficiency and transparency."
https://www.youtube.com/watch?v=b-XLhMGMGP4,"Luật sửa đổi bổ sung một số điều của Bộ luật Tố tụng hình sự được thông qua nhằm cải cách tổ chức bộ máy, thẩm quyền của các cơ quan tiến hành tố tụng, áp dụng thủ tục điều tra, truy tố và xét xử vắng mặt, đồng thời ứng dụng công nghệ thông tin trong tố tụng, nâng cao hiệu quả, minh bạch, bảo vệ quyền con người và phòng chống tội phạm.","Luật sửa đổi, bổ sung một số điều của Bộ luật Tố tụng hình sự tập trung vào 3 điểm mới cốt lõi: Đổi mới căn bản bộ máy và thẩm quyền (bố trí điều tra viên cấp tỉnh tại cấp xã xử lý án đến 7 năm tù, mở rộng thẩm quyền xét xử của Tòa án và Viện kiểm sát khu vực đối với án đến 20 năm tù); bổ sung thủ tục điều tra và truy tố vắng mặt đối với trường hợp bị can bỏ trốn; và cho phép ứng dụng công nghệ thông tin, chuyển đổi số (số hóa hồ sơ, chữ ký số, văn bản tố tụng điện tử) trong hoạt động tố tụng.","Luật sửa đổi, bổ sung một số điều của Bộ luật Tố tụng hình sự tập trung cải cách bộ máy, thẩm quyền cơ quan tiến hành tố tụng, mở rộng thủ tục điều tra, truy tố và xét xử vắng mặt, áp dụng công nghệ thông tin trong tố tụng, nâng cao hiệu quả, minh bạch, bảo vệ quyền con người và phòng chống tội phạm, với các điểm mới về bố trí điều tra viên cấp tỉnh tại cấp xã, mở rộng thẩm quyền xét xử và số hóa hồ sơ, chữ ký số, văn bản tố tụng điện tử.","The Law amending and supplementing certain provisions of the Criminal Procedure Code focuses on reforming the organization and powers of prosecutorial agencies, expanding procedures for absent investigation, prosecution, and trial, applying information technology in proceedings, enhancing efficiency, transparency, human rights protection, and crime prevention, with key updates including assigning provincial investigators to commune-level cases, expanding trial authority, and digitalizing records, electronic signatures, and procedural documents."
https://www.youtube.com/watch?v=4uXicuwlfuo,"Luật Thi hành án dân sự sửa đổi nhằm hoàn thiện hành lang pháp lý, khắc phục những hạn chế về thẩm quyền, thủ tục, xác minh tài sản, nhân sự và yếu tố nước ngoài trong thi hành án, đồng thời tăng cường xã hội hóa, rút ngắn thời gian, giảm chi phí và bảo đảm quyền lợi của các bên liên quan.","Luật Thi hành án dân sự sửa đổi năm 2025 tập trung vào 9 nhóm nội dung mới: bổ sung quyền/nghĩa vụ đương sự; mở rộng đối tượng bổ nhiệm Chấp hành viên; hoàn thiện thủ tục và thẩm quyền của Tòa án (lãi suất chậm thi hành, khắc phục hậu quả bản án bị hủy); tăng cường biện pháp cưỡng chế và xác minh tài sản (đặc biệt là dòng tiền tại tổ chức tín dụng); giải quyết xung đột với luật phá sản/doanh nghiệp; hoàn thiện chế định thi hành án có yếu tố nước ngoài thông qua tương trợ tư pháp; và đẩy mạnh xã hội hóa bằng cách cho phép Thừa phát lại (thừa hành viên) tham gia trực tiếp vào quy trình thi hành án.","Luật Thi hành án dân sự sửa đổi năm 2025 hoàn thiện hành lang pháp lý, bổ sung quyền và nghĩa vụ của đương sự, mở rộng đối tượng bổ nhiệm Chấp hành viên, hoàn thiện thủ tục và thẩm quyền Tòa án, tăng cường biện pháp cưỡng chế và xác minh tài sản, giải quyết xung đột với luật phá sản/doanh nghiệp, hoàn thiện thi hành án có yếu tố nước ngoài và đẩy mạnh xã hội hóa, rút ngắn thời gian, giảm chi phí, bảo đảm quyền lợi các bên liên quan.","The 2025 amended Civil Judgment Enforcement Law enhances the legal framework, adds rights and obligations for parties, expands the appointment of enforcement officers, improves court procedures and authority, strengthens coercive measures and asset verification, addresses conflicts with bankruptcy/business laws, refines enforcement involving foreign elements, promotes socialization, shortens time, reduces costs, and ensures the rights of all involved parties."
https://www.youtube.com/watch?v=I1CBie4sNSs,"Văn bản giới thiệu các quy định mới của Luật Sở hữu trí tuệ 2025, mở rộng trách nhiệm pháp lý sang doanh nghiệp cung cấp dịch vụ trung gian và chủ quản nền tảng số, yêu cầu họ triển khai biện pháp bảo vệ quyền sở hữu trí tuệ trên không gian mạng và phối hợp với chủ thể quyền và cơ quan nhà nước khi phát hiện vi phạm.","Luật Sở hữu trí tuệ sửa đổi 2025 (tại Điều 198, 198B) mở rộng trách nhiệm pháp lý sang doanh nghiệp dịch vụ trung gian và chủ quản nền tảng số, không chỉ giới hạn ở người đăng tải trực tiếp. Điểm mới cốt lõi bao gồm: áp đặt trách nhiệm ngăn chặn tái phạm bằng bộ lọc tự động cho các nền tảng lớn; mở rộng phạm vi bảo vệ sang tất cả các loại quyền sở hữu trí tuệ (nhãn hiệu, kiểu dáng, sáng chế, giống cây trồng); và thiết lập sự liên thông giữa Luật Sở hữu trí tuệ với Luật Thương mại điện tử và Luật An ninh mạng để quản lý chuỗi hệ sinh thái trên môi trường số.","Luật Sở hữu trí tuệ 2025 mở rộng trách nhiệm pháp lý sang doanh nghiệp cung cấp dịch vụ trung gian và chủ quản nền tảng số, yêu cầu họ triển khai biện pháp bảo vệ quyền sở hữu trí tuệ trên mạng, ngăn chặn tái phạm bằng bộ lọc tự động, bảo vệ tất cả các loại quyền sở hữu trí tuệ và phối hợp với chủ thể quyền và cơ quan nhà nước; Luật liên thông với Luật Thương mại điện tử và Luật An ninh mạng để quản lý hệ sinh thái số.","The 2025 Intellectual Property Law extends legal responsibilities to intermediary service providers and platform administrators, requiring them to implement online intellectual property protection measures, prevent repeat infringements with automated filters, protect all types of intellectual property rights, and cooperate with rights holders and state agencies; it is interconnected with the E-Commerce Law and Cybersecurity Law to manage the digital ecosystem."
https://www.youtube.com/watch?v=33Gv0cEsTLY,"Nghị định 337/2025/NĐ-CP quy định về hợp đồng lao động điện tử tại Việt Nam, bao gồm định nghĩa, giá trị pháp lý, điều kiện ký kết, quản lý qua hệ thống e-contract, gắn ID cho hợp đồng và trình tự sửa đổi, bổ sung, tạm hoãn, chấm dứt hợp đồng điện tử. Nền tảng hợp đồng lao động điện tử phải được vận hành chính thức từ ngày 01/01/2026.","Nghị định 337/2025/NĐ-CP quy định chi tiết về hợp đồng lao động điện tử (giao kết dưới dạng thông điệp dữ liệu, có giá trị pháp lý như văn bản giấy), bắt buộc thực hiện qua hệ thống e-contract và phải được cấp mã định danh ID duy nhất trong vòng 24 giờ sau khi ký. Văn bản quy định điều kiện về giấy tờ tùy thân, chữ ký số, dịch vụ cấp dấu thời gian cho các bên; đồng thời hướng dẫn trình tự chuyển đổi từ hợp đồng giấy sang điện tử khi cần sửa đổi, bổ sung hoặc chấm dứt, với thời hạn vận hành nền tảng chính thức chậm nhất là 01/01/2026.","Nghị định 337/2025/NĐ-CP quy định về hợp đồng lao động điện tử tại Việt Nam, bao gồm định nghĩa, giá trị pháp lý như văn bản giấy, điều kiện ký kết (giấy tờ tùy thân, chữ ký số, dịch vụ dấu thời gian), quản lý qua hệ thống e-contract với ID duy nhất, trình tự chuyển đổi, sửa đổi, bổ sung, tạm hoãn, chấm dứt hợp đồng; nền tảng phải vận hành chính thức từ ngày 01/01/2026.","Decree 337/2025/ND-CP regulates electronic labor contracts in Vietnam, covering definitions, legal validity equivalent to paper documents, signing conditions (identification, digital signatures, timestamp services), management through the e-contract system with a unique ID, procedures for conversion, amendment, supplementation, suspension, and termination; the platform must be officially operational by January 1, 2026."
https://youtu.be/lV77Ox2P7ng?si=xiFwAtQckm14jFtz,"Nghị định 58/2026/NĐ-CP sửa đổi, bổ sung các quy định về đăng ký thường trú, tạm trú và xóa đăng ký cư trú, hướng dẫn cụ thể thủ tục cho người chưa thành niên, thời hạn giải quyết xóa đăng ký thường trú và tạm trú, đồng thời bổ sung cơ chế chủ động của cơ quan quản lý và yêu cầu cập nhật dữ liệu vào cơ sở dữ liệu quốc gia về dân cư.","Nghị định 58/2026/NĐ-CP bổ sung 3 quy định mới về cư trú: (1) Cho phép cha, mẹ hoặc người giám hộ (ưu tiên người được Tòa án giao nuôi dưỡng) kê khai đăng ký cho người chưa thành niên, đồng thời miễn xác minh điều kiện cư trú đối với trẻ dưới 6 tuổi; (2) Rút ngắn thời hạn xóa đăng ký thường trú xuống còn 01 ngày làm việc kể từ khi nhận quyết định hủy bỏ hoặc thông tin phản ánh từ cơ sở dữ liệu quốc gia; (3) Bổ sung cơ chế chủ động xóa đăng ký tạm trú cho cơ quan quản lý và quy định thời hạn 07 ngày để người dân thực hiện thủ tục xóa khi vắng mặt liên tục (từ 12 tháng với thường trú, 6 tháng với tạm trú) hoặc chấm dứt việc thuê, mượn, ở nhờ.","Nghị định 58/2026/NĐ-CP sửa đổi, bổ sung quy định về đăng ký thường trú, tạm trú và xóa đăng ký cư trú, gồm: cha, mẹ hoặc người giám hộ kê khai cho người chưa thành niên (miễn xác minh cư trú với trẻ dưới 6 tuổi); rút ngắn thời hạn xóa đăng ký thường trú xuống 1 ngày; cơ chế chủ động xóa đăng ký tạm trú cho cơ quan quản lý và quy định thời hạn 7 ngày để người dân thực hiện thủ tục xóa khi vắng mặt hoặc chấm dứt việc thuê, mượn, ở nhờ, đồng thời yêu cầu cập nhật dữ liệu vào cơ sở dữ liệu quốc gia về dân cư.","Decree 58/2026/ND-CP amends and supplements regulations on permanent residence registration, temporary residence registration, and residence deregistration, including: allowing parents or guardians to register for minors (exempting verification for children under 6); shortening permanent residence deregistration to 1 day; introducing a proactive deregistration mechanism for temporary residence by management agencies with a 7-day deadline for citizens to deregister when absent or ceasing rental/borrowed accommodation, while requiring data updates in the national population database."
https://youtu.be/f2Gqht3UiOE?si=rH9H9Jei6aYjFV0C,"Nghị định 81/2026/NĐ-CP của Chính phủ quy định về xử phạt vi phạm hành chính trong lĩnh vực giao thông đường sắt và bãi bỏ toàn bộ Nghị định 100/2019/NĐ-CP về xử phạt vi phạm hành chính trong lĩnh vực giao thông đường bộ và đường sắt, nhằm bảo đảm tính thống nhất pháp luật. Từ ngày 15 tháng 0 năm 2026, các quy định xử phạt vi phạm giao thông sẽ áp dụng theo các nghị định mới tương ứng từng lĩnh vực.",Nghị định 81/2026/NĐ-CP có hiệu lực từ ngày 15/05/2026 quy định xử phạt vi phạm hành chính trong lĩnh vực giao thông đường sắt và chính thức bãi bỏ toàn bộ Nghị định 100/2019/NĐ-CP. Việc bãi bỏ này nhằm phân tách và thống nhất hệ thống pháp luật khi các quy định xử phạt trong lĩnh vực đường bộ và đường sắt đã được điều chỉnh riêng biệt tại các văn bản mới (như Nghị định 168/2024 và Nghị định 336/2025 cho đường bộ).,"Nghị định 81/2026/NĐ-CP, có hiệu lực từ ngày 15/05/2026, quy định xử phạt vi phạm hành chính trong lĩnh vực giao thông đường sắt và bãi bỏ toàn bộ Nghị định 100/2019/NĐ-CP, nhằm phân tách và thống nhất hệ thống pháp luật khi các quy định xử phạt trong lĩnh vực đường bộ và đường sắt được điều chỉnh riêng tại các nghị định mới.","Decree 81/2026/ND-CP, effective from May 15, 2026, regulates administrative penalties in the railway transport sector and repeals Decree 100/2019/ND-CP entirely, aiming to separate and unify the legal system as road and railway penalty provisions are now separately regulated under new decrees."
https://youtu.be/qLQ0B_Dh780?si=sqoX1jMxxY53-xNy,"Nghị định 68/2026/NĐ-CP quy định về thuế hộ kinh doanh, bao gồm ngưỡng nộp thuế, phương pháp tính thuế, xác định doanh thu, thời hạn khai nộp thuế, sử dụng hóa đơn điện tử, hướng dẫn khai thuế cho hộ mới kinh doanh, và chuyển đổi từ thuế khoán sang thuế theo thu nhập. Văn bản hướng dẫn cụ thể trách nhiệm kê khai và nộp thuế của hộ kinh doanh, cá nhân kinh doanh.","Nghị định 68/2026/NĐ-CP quy định 8 nội dung mới về thuế hộ kinh doanh: (1) Nâng ngưỡng chịu thuế GTGT và TNCN lên trên 500 triệu đồng/năm; (2) Phương pháp tính thuế trực tiếp theo tỷ lệ % doanh thu; (3) Doanh thu tính thuế bao gồm cả các khoản hỗ trợ, thưởng, bồi thường; (4) Thời hạn thông báo doanh thu hoặc khai thuế theo quý tùy mức doanh thu; (5) Thời hạn nộp hồ sơ khai thuế tháng, quý và quyết toán năm; (6) Bắt buộc sử dụng hóa đơn điện tử có mã khi doanh thu từ 1 tỷ đồng/năm trở lên; (7) Hướng dẫn khai thuế cho hộ mới ra kinh doanh; (8) Cơ chế chuyển đổi từ thuế khoán sang nộp thuế theo thu nhập thực tế cho hộ có doanh thu từ 3 tỷ đồng hoặc tự nguyện lựa chọn từ năm 2026.","Nghị định 68/2026/NĐ-CP quy định chi tiết về thuế hộ kinh doanh, gồm ngưỡng chịu thuế GTGT và TNCN trên 500 triệu đồng/năm, phương pháp tính thuế theo tỷ lệ % doanh thu, xác định doanh thu tính thuế bao gồm hỗ trợ, thưởng, bồi thường, thời hạn khai và nộp thuế theo tháng, quý và quyết toán năm, bắt buộc sử dụng hóa đơn điện tử từ 1 tỷ đồng/năm trở lên, hướng dẫn khai thuế cho hộ mới kinh doanh, và cơ chế chuyển đổi từ thuế khoán sang thuế theo thu nhập thực tế từ 2026.","Decree 68/2026/ND-CP provides detailed regulations on business household taxation, including a VAT and personal income tax threshold over 500 million VND/year, tax calculation based on a percentage of revenue, taxable revenue including support, bonuses, and compensation, deadlines for monthly, quarterly, and annual tax filings, mandatory use of electronic invoices from 1 billion VND/year, guidance for new business households, and a mechanism for transitioning from fixed taxation to actual income-based taxation starting in 2026."
https://youtu.be/7jn-YX8bTFw?si=jUxLNFAyU_LmP0-p,"Bản tin tổng hợp các chính sách mới có hiệu lực từ tháng 2/2026, bao gồm: miễn xử phạt chậm nộp hồ sơ khai thuế do thay đổi kỳ khai thuế, quy định mức phạt tiền về quyền tác giả, bệnh nghề nghiệp được hưởng bảo hiểm xã hội, giới hạn thời gian tắt quảng cáo video trực tuyến, khám sức khỏe trước khi bố trí lao động, siết quản lý ví điện tử, và sử dụng tài khoản VNEID khai hải quan điện tử.","Bản tin tổng hợp các chính sách có hiệu lực từ tháng 02/2026: Miễn phạt chậm nộp hồ sơ khai thuế khi chuyển từ kỳ khai quý sang tháng (Nghị định 373/2025); Quy định mức phạt tối đa 500 triệu đồng với tổ chức vi phạm quyền tác giả (Nghị định 341/2025); Bổ sung danh mục bệnh nghề nghiệp phổi và hô hấp được hưởng BHXH (Thông tư 60/2025); Bắt buộc cho phép tắt quảng cáo video sau 5 giây (Nghị định 34/2025); Quy định trách nhiệm khám sức khỏe trước khi bố trí việc làm (Thông tư 56/2025); Phạt đến 120 triệu đồng hành vi mua bán, cho thuê từ 10 ví điện tử trở lên (Nghị định 340/2025); và Cho phép dùng tài khoản VNEID để đăng ký khai hải quan điện tử (Thông tư 121/2025).","Bản tin tổng hợp các chính sách có hiệu lực từ tháng 2/2026, bao gồm: miễn phạt chậm nộp hồ sơ khai thuế khi chuyển kỳ khai, mức phạt tối đa 500 triệu đồng về quyền tác giả, bổ sung bệnh nghề nghiệp phổi và hô hấp được hưởng bảo hiểm xã hội, bắt buộc cho phép tắt quảng cáo video sau 5 giây, trách nhiệm khám sức khỏe trước khi bố trí lao động, phạt đến 120 triệu đồng với hành vi liên quan nhiều ví điện tử, và sử dụng tài khoản VNEID để khai hải quan điện tử.","The bulletin summarizes policies effective from February 2026, including: exemption from late tax filing penalties when changing filing periods, a maximum 500 million VND fine for copyright violations, addition of respiratory and lung occupational diseases eligible for social insurance, mandatory option to skip online video ads after 5 seconds, health check responsibilities before job placement, fines up to 120 million VND for actions involving multiple e-wallets, and using VNEID accounts for electronic customs declarations."
https://youtu.be/9Es3GDWxxG8?si=euWb2tI-EkqR9G8P,"Nghị định 188/2025/NĐ-CP quy định chi tiết và hướng dẫn thi hành một số điều của Luật Bảo hiểm y tế, bao gồm: thanh toán trực tiếp thuốc, thiết bị y tế trong các trường hợp đặc thù; quyền lợi bảo hiểm y tế khi chưa có thẻ hoặc thẻ sai thông tin; hỗ trợ kinh phí chăm sóc sức khỏe ban đầu tại cơ sở giáo dục và doanh nghiệp; quy định chuyển đổi chính sách bảo hiểm khi sắp nhập địa phương; ưu tiên quyền lợi có lợi hơn cho người bệnh trong thời kỳ chuyển tiếp.","Nghị định 188/2025/NĐ-CP quy định nhiều điểm mới về BHYT từ 01/01/2025: Cho phép thanh toán trực tiếp khi người bệnh tự mua thuốc hiếm, thiết bị y tế loại C hoặc D nếu cơ sở thiếu hàng; quy định 5 nhóm trường hợp chưa có/chưa xuất trình thẻ vẫn được thanh toán (trẻ dưới 6 tuổi, người chờ đổi thẻ, cấp cứu...); hỗ trợ kinh phí chăm sóc sức khỏe ban đầu cho doanh nghiệp và trường học đủ điều kiện; bảo lưu quyền lợi và mức đóng do NSNN hỗ trợ khi sáp nhập địa phương; đặc biệt áp dụng nguyên tắc ưu tiên quy định có lợi hơn cho người bệnh trong giai đoạn chuyển tiếp.","Nghị định 188/2025/NĐ-CP hướng dẫn thi hành một số điều của Luật Bảo hiểm y tế, gồm thanh toán trực tiếp thuốc, thiết bị y tế trong trường hợp đặc thù, quyền lợi khi chưa có hoặc thẻ sai thông tin, hỗ trợ kinh phí chăm sóc sức khỏe ban đầu tại trường học và doanh nghiệp, bảo lưu quyền lợi khi sáp nhập địa phương, và ưu tiên quy định có lợi hơn cho người bệnh trong giai đoạn chuyển tiếp, có hiệu lực từ 01/01/2025.","Decree 188/2025/ND-CP provides guidance on implementing certain provisions of the Health Insurance Law, including direct payment for medicines and medical devices in special cases, benefits when the card is missing or contains incorrect information, funding support for primary healthcare at schools and enterprises, preservation of benefits during local mergers, and prioritizing provisions more favorable to patients during the transition period, effective from January 1, 2025."
https://youtu.be/heGh_VsgYXU?si=1qfxs0FlbULzl5P3,"Nghị định 226/2025/NĐ-CP quy định tám nội dung mới về quản lý đất đai, bao gồm: tăng giảm giá đất theo thực tế tại tỉnh; bồi thường cây trồng, vật nuôi khi thu hồi đất; bãi bỏ khung giá đất theo Nghị định 96/2019; sửa đổi các phương pháp định giá đất; Ủy ban nhân dân cấp xã xây dựng bảng giá đất; xác định giá đất công cộng theo đất thương mại; tăng giảm mức giá đất nông nghiệp trong cùng thửa có nhà ở; Chủ tịch UBND cấp xã phê duyệt phương án đấu giá quyền sử dụng đất.","Nghị định 226/2025/NĐ-CP có hiệu lực từ ngày 15/8/2025 quy định 8 nội dung mới về đất đai: Hội đồng nhân dân tỉnh quyết định tăng giảm giá các loại đất theo thực tế; bổ sung quy định bồi thường đối với cây trồng, vật nuôi khi Nhà nước thu hồi đất; bãi bỏ khung giá đất theo Nghị định 96/2019; sửa đổi 4 phương pháp định giá đất; giao UBND cấp xã thực hiện xây dựng bảng giá đất (thay cho cấp huyện); xác định giá đất công cộng, đất công trình sự nghiệp theo giá đất thương mại, dịch vụ tại khu vực lân cận; bổ sung đất nông nghiệp trong cùng thửa đất có nhà ở vào nhóm có thể tăng hoặc giảm mức giá; Chủ tịch UBND cấp xã phê duyệt phương án đấu giá quyền sử dụng đất.","Nghị định 226/2025/NĐ-CP có hiệu lực từ ngày 15/8/2025, quy định 8 nội dung mới về quản lý đất đai: Hội đồng nhân dân tỉnh quyết định tăng giảm giá đất theo thực tế; bồi thường cây trồng, vật nuôi khi thu hồi đất; bãi bỏ khung giá đất theo Nghị định 96/2019; sửa đổi phương pháp định giá đất; UBND cấp xã xây dựng bảng giá đất; xác định giá đất công cộng và đất công trình sự nghiệp theo giá thương mại; điều chỉnh mức giá đất nông nghiệp trong cùng thửa có nhà ở; Chủ tịch UBND cấp xã phê duyệt phương án đấu giá quyền sử dụng đất.","Decree 226/2025/ND-CP, effective from August 15, 2025, stipulates eight new provisions on land management: provincial People's Councils decide land price adjustments based on reality; compensation for crops and livestock upon land recovery; abolition of the land price framework under Decree 96/2019; revision of land valuation methods; commune-level People's Committees set land price tables; determination of public and facility land prices based on commercial rates; adjustment of agricultural land prices within the same plot containing houses; and commune-level People's Committee Chair approves land use rights auction plans."
https://youtu.be/z767P_4N0RA?si=KO-46NNiu2FhMtdE,"Bộ Chính trị ban hành quy định số 01/2026 về chế độ đảng phí và quy định số 06/2026 về quản lý, sử dụng thẻ đảng viên, hiệu lực từ ngày 01/5/2026. Nội dung chính gồm: nghĩa vụ đóng đảng phí, mức đóng theo từng đối tượng, hình thức thu, miễn giảm, quản lý và sử dụng thẻ đảng viên, thẩm quyền cấp, thu hồi và xử lý vi phạm. Văn bản thay thế các quy định cũ và cụ thể hóa trách nhiệm của đảng viên cũng như cấp ủy các cấp.","Bộ Chính trị ban hành Quy định số 01-QĐ/TW về chế độ đảng phí và Ban Bí thư ban hành Quy định số 06-QĐ/TW về quản lý, sử dụng thẻ đảng viên (hiệu lực từ 01/5/2026). Các nội dung trọng tâm gồm: đóng đảng phí là bắt buộc (quá 3 tháng không lý do sẽ bị xóa tên); thu nộp qua Cổng dịch vụ công quốc gia; mức đóng 1% lương đối với diện BHXH bắt buộc và mức phí cụ thể cho các đối tượng khác; quy định chi tiết miễn, giảm và không thu đảng phí; thẻ đảng viên dùng để biểu quyết và thực hiện thủ tục hành chính Đảng điện tử; quy định nghiêm cấm cho thuê, cầm cố, đăng tải hình ảnh thẻ trái phép; xử lý xóa tên nếu tự ý trả hoặc hủy thẻ.","Bộ Chính trị ban hành Quy định số 01/2026 về chế độ đảng phí và Quy định số 06/2026 về quản lý, sử dụng thẻ đảng viên, có hiệu lực từ 01/5/2026. Nội dung bao gồm nghĩa vụ đóng đảng phí, mức đóng theo từng đối tượng, hình thức thu, miễn giảm, quản lý và sử dụng thẻ đảng viên, thẩm quyền cấp, thu hồi, xử lý vi phạm; thẻ dùng để biểu quyết và thực hiện thủ tục hành chính điện tử, nghiêm cấm cho thuê, cầm cố hoặc sử dụng trái phép, đồng thời thay thế các quy định cũ và cụ thể hóa trách nhiệm của đảng viên và cấp ủy các cấp.","The Politburo issued Regulation No. 01/2026 on party dues and Regulation No. 06/2026 on the management and use of party membership cards, effective from May 1, 2026. The regulations cover obligations to pay party dues, contribution rates by category, collection methods, exemptions and reductions, management and use of membership cards, authority for issuance and revocation, handling of violations; cards are used for voting and electronic administrative procedures, with strict prohibition on leasing, pledging, or unauthorized use, replacing previous regulations and specifying the responsibilities of party members and party committees at all levels."
https://youtu.be/6AElDH8RMsA?si=ORIrOk-KT5SE1P76,"Nghị quyết 07/2025 của Chính phủ quy định chính sách đối với cán bộ, công chức, viên chức, lực lượng vũ trang, người lao động hợp đồng, cán bộ công đoàn và người làm việc ngoài biên chế chịu tác động từ sắp xếp tổ chức bộ máy hành chính. Nội dung chính gồm trợ cấp một lần, bảo lưu hoặc chi trả bảo hiểm xã hội, trợ cấp thôi việc, cách tính trợ cấp và thời hạn chi trả. Văn bản điều chỉnh chế độ cho những người nghỉ hưu trước hoặc sau ngày 17/5/2025 và quy định hoàn tất chi trả trước 1/11/2025.","Nghị quyết 07/2025/NQ-CP quy định chính sách hỗ trợ đối tượng chịu tác động do sắp xếp bộ máy hành chính với 5 nhóm cụ thể: (1) Cán bộ, công chức, viên chức, lực lượng vũ trang đủ tuổi hưu nghỉ việc ngay được hưởng lương hưu và trợ cấp một lần từ 15 đến 24 tháng lương; (2) Cán bộ cấp xã trở lên đã nghỉ hưu/hưởng hưu trí nhận trợ cấp một lần tối đa 24 tháng lương; (3) Người lao động hợp đồng tại đơn vị sự nghiệp công lập được nghỉ hưu trước tuổi hoặc thôi việc theo Nghị định 178/2024; (4) Người làm việc ngoài biên chế tại các hội được trợ cấp tối đa 24 tháng lương/thù lao; (5) Cán bộ công đoàn chuyên trách nghỉ hưu sớm được trợ cấp từ 0,7 - 0,8 tháng lương tùy thời gian nghỉ sớm hoặc hưởng chính sách thôi việc. Nghị quyết quy định cách tính thời gian lẻ, bổ sung chế độ cho trường hợp nghỉ trước 17/5/2025 và yêu cầu hoàn thành chi trả trước 01/11/2025.","Nghị quyết 07/2025/NQ-CP của Chính phủ quy định chính sách hỗ trợ cán bộ, công chức, viên chức, lực lượng vũ trang, người lao động hợp đồng, cán bộ công đoàn và người làm việc ngoài biên chế chịu tác động từ sắp xếp bộ máy hành chính, bao gồm trợ cấp một lần, bảo lưu hoặc chi trả bảo hiểm xã hội, trợ cấp thôi việc, cách tính trợ cấp và thời hạn chi trả; điều chỉnh cả những người nghỉ hưu trước hoặc sau ngày 17/5/2025 và yêu cầu hoàn tất chi trả trước 01/11/2025.","Government Resolution 07/2025/NQ-CP stipulates support policies for civil servants, public employees, armed forces, contract workers, trade union officials, and non-staff workers affected by administrative reorganization, including one-time allowances, social insurance retention or payment, severance pay, calculation methods, and payment deadlines; it covers those retiring before or after May 17, 2025, with all payments to be completed by November 1, 2025."
https://youtu.be/7yGfMS6Zx_c?si=3d9zwhqyUW6lM_7Q,"Nghị định 168 quy định 10 mức phạt hành chính đối với người điều khiển xe máy tại Việt Nam, áp dụng từ 01/01/2025, với các mức phạt từ 200.000 đến 14.000.000 đồng tương ứng với các hành vi vi phạm giao thông đường bộ khác nhau, nhằm nâng cao ý thức tham gia giao thông và đảm bảo an toàn.","Nghị định 168 áp dụng từ 01/01/2025 quy định 10 khung phạt hành chính đối với xe máy để thay thế các quy định cũ, bao gồm: từ 200 - 400 nghìn đồng (lỗi nhẹ như không xi nhan, đèn chiếu sáng); 400 - 600 nghìn đồng (quá tốc độ dưới 10km/h, không mũ bảo hiểm); 600 - 800 nghìn đồng (quá tốc độ đến 20km/h, dùng điện thoại); 1 - 2 triệu đồng (rời hiện trường tai nạn); 2 - 3 triệu đồng (nồng độ cồn mức thấp nhất, đi vào đường cấm); 4 - 6 triệu đồng (đi ngược chiều, vượt đèn đỏ); 6 - 8 triệu đồng (quá tốc độ trên 20km/h, nồng độ cồn mức 2); 8 - 10 triệu đồng (lạng lách, nồng độ cồn kịch khung, có chất ma túy); và cao nhất 10 - 14 triệu đồng (vi phạm gây tai nạn giao thông).","Nghị định 168 có hiệu lực từ 01/01/2025, quy định 10 mức phạt hành chính đối với người điều khiển xe máy tại Việt Nam, từ 200.000 đến 14.000.000 đồng, tương ứng với các hành vi vi phạm giao thông khác nhau, nhằm nâng cao ý thức tham gia giao thông và đảm bảo an toàn; thay thế các quy định cũ và cụ thể hóa mức phạt theo từng hành vi vi phạm như không xi nhan, vượt tốc độ, sử dụng điện thoại, nồng độ cồn, đi ngược chiều, vượt đèn đỏ, lạng lách, sử dụng chất ma túy, hay gây tai nạn.","Decree 168, effective from January 1, 2025, stipulates 10 administrative fines for motorbike riders in Vietnam, ranging from 200,000 to 14,000,000 VND, corresponding to various traffic violations, aiming to raise traffic awareness and ensure safety; it replaces previous regulations and specifies fines for specific violations such as failing to signal, speeding, using a phone, alcohol levels, driving against traffic, running red lights, reckless maneuvers, drug use, or causing accidents."
https://youtu.be/7ouOktIK4X4?si=Rs6ahYRnBsl0U8H3,"Nghị định 151/2025/NĐ-CP quy định thủ tục cấp sổ đỏ tại Việt Nam từ 01/05/2025, rút ngắn thời gian xử lý, cho phép nộp hồ sơ tại nhiều đơn vị trong cùng tỉnh, bỏ yêu cầu xác nhận đất phù hợp quy hoạch, và hướng dẫn chuẩn bị hồ sơ, nộp tại bộ phận một cửa hoặc qua dịch vụ công.","Nghị định 151/2025/NĐ-CP (hiệu lực từ 01/05/2025) quy định 5 điểm mới về cấp sổ đỏ: (1) Chủ tịch UBND cấp xã có thẩm quyền cấp sổ đỏ lần đầu cho cá nhân, cộng đồng dân cư trong nước; (2) Rút ngắn thời gian đăng ký đất đai lần đầu xuống tối đa 17 ngày làm việc (giảm 3 ngày so với trước); (3) Cho phép người dân nộp hồ sơ tại bất kỳ đơn vị tiếp nhận nào trong cùng địa bàn tỉnh; (4) UBND cấp xã không phải thực hiện riêng việc xác nhận đất phù hợp quy hoạch, không tranh chấp, sử dụng ổn định khi làm thủ tục; (5) Đa dạng hóa hình thức nộp hồ sơ (trực tiếp, bưu chính, qua cổng dịch vụ công hoặc tại địa điểm thỏa thuận).","Nghị định 151/2025/NĐ-CP (có hiệu lực từ 01/05/2025) quy định thủ tục cấp sổ đỏ với 5 điểm mới: Chủ tịch UBND xã có thẩm quyền cấp lần đầu, rút ngắn thời gian tối đa 17 ngày, nộp hồ sơ tại bất kỳ đơn vị trong tỉnh, không yêu cầu xác nhận đất phù hợp quy hoạch, và đa dạng hóa hình thức nộp hồ sơ (trực tiếp, bưu chính, dịch vụ công hoặc tại địa điểm thỏa thuận).","Decree 151/2025/ND-CP (effective from May 1, 2025) stipulates procedures for issuing land use right certificates with five updates: the commune People's Committee chairman has authority for first issuance, processing time is shortened to a maximum of 17 days, applicants can submit documents at any unit within the province, no confirmation of land conformity to planning is required, and submission methods are diversified (in-person, postal, public service portal, or agreed locations)."
https://youtu.be/qF1L4WHvTZg?si=8JoeyzR22p_se6B1,"Văn bản tổng hợp các chính sách mới có hiệu lực từ tháng 5/2026, bao gồm luật trí tuệ nhân tạo, luật phục hồi phá sản, tăng lương cơ sở và lương hưu, quy định mã định danh bất động sản, thông tư về tài khoản ngân hàng, an toàn dịch vụ trực tuyến ngân hàng, xếp lương công chức, và quản lý quỹ xã hội, quỹ từ thiện.","Văn bản tổng hợp các chính sách mới nổi bật có hiệu lực từ tháng 05/2026, bao gồm: Luật Trí tuệ nhân tạo (quy định hành vi cấm, lấy con người làm trung tâm); Luật Phục hồi phá sản 2025 (cho phép doanh nghiệp tạm dừng đóng quỹ hưu trí và tử tuất tối đa 12 tháng); điều chỉnh mức lương cơ sở, lương hưu và các loại trợ cấp; Nghị định 357/2025 về mã định danh điện tử sản phẩm bất động sản; Thông tư 25/2025 (yêu cầu hộ kinh doanh dùng tài khoản ngân hàng đúng tên đăng ký); Thông tư 77/2025 (ứng dụng ngân hàng tự động ngắt nếu điện thoại bị bẻ khóa/jailbreak); Thông tư 01/2026 (hướng dẫn xếp lương công chức mới tuyển dụng); và Nghị định 03/2026 (siết chặt nghĩa vụ công khai tài chính của quỹ xã hội, từ thiện).","Văn bản tổng hợp các chính sách mới có hiệu lực từ tháng 5/2026, bao gồm Luật Trí tuệ nhân tạo, Luật Phục hồi phá sản 2025, điều chỉnh lương cơ sở, lương hưu và trợ cấp, Nghị định 357/2025 về mã định danh bất động sản, Thông tư 25/2025 về tài khoản ngân hàng hộ kinh doanh, Thông tư 77/2025 về an toàn dịch vụ ngân hàng trực tuyến, Thông tư 01/2026 về xếp lương công chức mới, và Nghị định 03/2026 về quản lý tài chính quỹ xã hội, từ thiện.","The document summarizes new policies effective from May 2026, including the Artificial Intelligence Law, the 2025 Bankruptcy Recovery Law, adjustments to basic salary, pensions, and allowances, Decree 357/2025 on real estate product identification codes, Circular 25/2025 on bank accounts for business households, Circular 77/2025 on online banking security, Circular 01/2026 on salary ranking for newly recruited civil servants, and Decree 03/2026 on financial management of social and charitable funds."
https://youtu.be/sLQKtE9pXmc?si=kUWk3qofwUN6GrGW,"Nghị định 261/2025/NĐ-CP sửa đổi các quy định về phát triển, quản lý và chính sách nhà ở xã hội, bao gồm nâng trần thu nhập, mở rộng đối tượng, bổ sung xác nhận thu nhập cho lao động tự do, điều chỉnh lãi suất vay mua nhà, đơn giản hóa hồ sơ dự án, rút ngắn thời gian lựa chọn chủ đầu tư, và thay đổi mẫu đơn đăng ký mua/thuê nhà ở xã hội.","Nghị định 261/2025/NĐ-CP có hiệu lực từ 10/10/2025 quy định 6 điểm mới: (1) Nâng trần thu nhập để mua nhà ở xã hội (độc thân: 20 triệu, hai vợ chồng: 40 triệu/tháng); (2) Bổ sung Công an cấp xã xác nhận thu nhập cho lao động tự do; (3) Áp dụng lãi suất vay mua nhà 5,4%/năm (áp dụng cả dư nợ gốc của hợp đồng cũ); (4) Đơn giản hóa hồ sơ dự án qua việc sử dụng mã số thông tin điện tử thay thế bản giấy; (5) Rút ngắn thời gian phê duyệt chủ trương và lựa chọn chủ đầu tư xuống còn 30 ngày; (6) Thay đổi hoàn toàn mẫu đơn đăng ký mua/thuê nhà ở xã hội, yêu cầu chi tiết hơn về thu nhập và người phụ thuộc.","Nghị định 261/2025/NĐ-CP, có hiệu lực từ 10/10/2025, sửa đổi các quy định về phát triển, quản lý và chính sách nhà ở xã hội, gồm nâng trần thu nhập (độc thân 20 triệu, hai vợ chồng 40 triệu/tháng), mở rộng đối tượng, bổ sung xác nhận thu nhập cho lao động tự do do Công an cấp xã, áp dụng lãi suất vay mua nhà 5,4%/năm kể cả hợp đồng cũ, đơn giản hóa hồ sơ dự án bằng mã số điện tử, rút ngắn thời gian lựa chọn chủ đầu tư còn 30 ngày, và thay đổi mẫu đơn đăng ký mua/thuê nhà với thông tin chi tiết hơn về thu nhập và người phụ thuộc.","Decree 261/2025/ND-CP, effective from October 10, 2025, amends regulations on the development, management, and social housing policies, including raising income ceilings (single: 20 million VND, couples: 40 million VND/month), expanding eligible groups, adding income verification for freelancers by commune police, applying a 5.4% annual interest rate for home loans including existing contracts, simplifying project dossiers via electronic codes, shortening the investor selection period to 30 days, and fully revising the social housing application form to include more detailed income and dependent information."
https://www.youtube.com/watch?v=m6dtT2o7p0s,"Nghị định 310/2025/NĐ-CP sửa đổi quy định xử phạt vi phạm hành chính trong lĩnh vực thuế hóa đơn, bao gồm mở rộng đối tượng bị xử phạt, bổ sung trường hợp bất khả kháng, điều chỉnh cách tính phạt tiền, xử lý nhiều hành vi vi phạm trong cùng một vụ việc, và thay đổi mức phạt với hành vi lập hoặc không lập hóa đơn đúng thời điểm.","Nghị định 310/2025/NĐ-CP (hiệu lực từ 16/05/2026) sửa đổi quy định xử phạt vi phạm thuế, hóa đơn với các điểm mới: Mở rộng xử phạt hành chính đối với các hành vi vi phạm liên quan đến các khoản thu khác thuộc ngân sách do cơ quan thuế quản lý; bổ sung cụ thể các trường hợp bất khả kháng (thiên tai, dịch bệnh, tai nạn bất ngờ...); bổ sung đối tượng bị xử phạt gồm bên được ủy quyền, tổ chức khai nộp thuế thay và bên thứ ba vi phạm nghĩa vụ cung cấp thông tin; quy định chỉ xử phạt một hành vi nếu vi phạm nhiều lần cùng loại (lập hóa đơn sai thời điểm, không lập hóa đơn, khai sai chỉ tiêu); thay đổi cách tính tiền phạt theo số lượng hóa đơn vi phạm; và xác định vi phạm quy mô lớn khi vi phạm từ 10 số hóa đơn trở lên hoặc trốn thuế từ 100 triệu đồng trở lên.","Nghị định 310/2025/NĐ-CP (có hiệu lực từ 16/05/2026) sửa đổi quy định xử phạt vi phạm hành chính trong lĩnh vực thuế, hóa đơn, bao gồm: mở rộng đối tượng bị xử phạt (gồm bên được ủy quyền, tổ chức khai nộp thuế thay, bên thứ ba vi phạm nghĩa vụ cung cấp thông tin); bổ sung trường hợp bất khả kháng (thiên tai, dịch bệnh, tai nạn bất ngờ...); điều chỉnh cách tính phạt tiền theo số lượng hóa đơn vi phạm; xử lý nhiều hành vi vi phạm trong cùng một vụ việc theo nguyên tắc chỉ phạt một hành vi nếu vi phạm cùng loại; thay đổi mức phạt với hành vi lập hoặc không lập hóa đơn đúng thời điểm; và xác định vi phạm quy mô lớn khi vi phạm từ 10 hóa đơn trở lên hoặc trốn thuế từ 100 triệu đồng trở lên.","Decree 310/2025/ND-CP (effective from May 16, 2026) amends administrative penalties in the field of taxation and invoices, including: expanding penalized subjects (including authorized parties, organizations filing taxes on behalf, third parties violating information obligations); adding force majeure cases (natural disasters, epidemics, sudden accidents, etc.); adjusting fine calculations based on the number of invoices violated; handling multiple violations in the same case with the principle of penalizing only one repeated type; changing penalties for issuing or not issuing invoices on time; and defining major violations for 10 or more invoices or tax evasion of 100 million VND or more."
https://youtube.com/shorts/GQtGTapIyJQ?si=kG1kDoWPrIukF86_,"Nghị định 315-2025 quy định quy chế làm việc mẫu của Ủy ban nhân dân xã, phường, đặc khu, đảm bảo tuân thủ pháp luật, lãnh đạo của Đảng và giám sát của Hội đồng nhân dân. Quy chế yêu cầu làm việc theo tập thể, quyết định theo đa số, nâng cao thẩm quyền Chủ tịch, đẩy mạnh chuyển đổi số, mỗi việc chỉ giao cho một cá nhân chủ trì và chịu trách nhiệm. Thành viên và công chức phải sâu sát địa bàn, tiếp thu ý kiến nhân dân, thực hiện giải trình minh bạch.","Nghị định 315/2025/NĐ-CP ban hành quy chế làm việc mẫu của Ủy ban nhân dân xã, phường, đặc khu quy chế, yêu cầu mọi hoạt động tuân thủ Hiến pháp, pháp luật, dưới sự lãnh đạo của Đảng ủy và giám sát của HĐND. Ủy ban nhân dân cấp xã làm việc theo chế độ tập thể, quyết định theo đa số, đề cao trách nhiệm cá nhân của Chủ tịch. Quy chế nhấn mạnh việc chuyển đổi số toàn diện, xây dựng chính quyền số, áp dụng nguyên tắc mỗi việc chỉ giao một người chủ trì chịu trách nhiệm, đồng thời yêu cầu cán bộ phải sâu sát địa bàn, tiếp thu ý kiến và giải trình công khai trước nhân dân.","Nghị định 315/2025/NĐ-CP ban hành quy chế làm việc mẫu của Ủy ban nhân dân xã, phường, đặc khu, yêu cầu tuân thủ Hiến pháp, pháp luật, lãnh đạo của Đảng và giám sát của HĐND, làm việc theo tập thể, quyết định theo đa số, nâng cao thẩm quyền và trách nhiệm cá nhân của Chủ tịch, thúc đẩy chuyển đổi số, mỗi việc chỉ giao một người chủ trì và chịu trách nhiệm, cán bộ phải sâu sát địa bàn, tiếp thu ý kiến và giải trình minh bạch trước nhân dân.","Decree 315/2025/ND-CP issues a model working regulation for commune, ward, and special zone People's Committees, requiring compliance with the Constitution, laws, Party leadership, and supervision by the People's Council, working collectively, deciding by majority, enhancing the authority and personal responsibility of the Chairman, promoting digital transformation, assigning each task to a single responsible person, and requiring officials to closely engage with the locality, receive feedback, and provide transparent explanations to the public."
https://www.youtube.com/watch?v=jWpe-pIVvi4,"Chỉ thị số 19 năm 2025 của Thủ tướng Chính phủ yêu cầu tăng cường công tác phòng chống và khắc phục thiệt hại do thiên tai trước mùa mưa bão. Văn bản nêu rõ phân công trách nhiệm các bộ, ngành, địa phương, đảm bảo thông suốt chỉ đạo, chuẩn bị kịch bản ứng phó, bảo vệ người dân, hạ tầng và thông tin liên lạc, đồng thời đẩy mạnh ứng dụng công nghệ và chuyển đổi số trong quản lý thiên tai.","Chỉ thị số 19 năm 2025 của Thủ tướng Chính phủ yêu cầu tăng cường công tác phòng chống, khắc phục thiệt hại do thiên tai trước mùa mưa bão năm 2025. Nội dung trọng tâm bao gồm: đảm bảo sự chỉ đạo thông suốt, không để bị động bất ngờ khi sắp xếp tổ chức bộ máy và đơn vị hành chính; các địa phương thực hiện phương châm ""bốn tại chỗ"", cập nhật phương án ứng phó phù hợp đặc điểm địa bàn; khắc phục dứt điểm các sự cố hạ tầng xung yếu (đê điều, điện, viễn thông); đẩy mạnh chuyển đổi số, quan trắc và dự báo. Chỉ thị cũng phân công nhiệm vụ cụ thể cho từng bộ ngành: Nông nghiệp và Môi trường theo dõi dự báo, Công Thương đảm bảo an toàn điện, Xây dựng chống ngập úng đô thị, Quốc phòng và Công an hỗ trợ nhân dân, Tài chính đảm bảo nguồn lực hỗ trợ kịp thời.","Chỉ thị số 19/2025 của Thủ tướng Chính phủ yêu cầu tăng cường phòng chống và khắc phục thiệt hại do thiên tai trước mùa mưa bão, đảm bảo chỉ đạo thông suốt, thực hiện phương châm ""bốn tại chỗ"", chuẩn bị kịch bản ứng phó, khắc phục sự cố hạ tầng xung yếu, đẩy mạnh chuyển đổi số và dự báo, đồng thời phân công nhiệm vụ cụ thể cho các bộ ngành: Nông nghiệp và Môi trường theo dõi dự báo; Công Thương đảm bảo an toàn điện; Xây dựng chống ngập úng đô thị; Quốc phòng và Công an hỗ trợ nhân dân; Tài chính đảm bảo nguồn lực hỗ trợ.","Directive No. 19/2025 issued by the Prime Minister requires strengthening disaster prevention and damage mitigation before the rainy season, ensuring smooth command, implementing the ""four on-the-spot"" principle, preparing response scenarios, addressing critical infrastructure failures, promoting digital transformation and forecasting, while assigning specific responsibilities to ministries: Agriculture and Environment monitor forecasts; Industry and Trade ensure electricity safety; Construction prevents urban flooding; Defense and Public Security assist the population; Finance ensures timely support resources."
https://youtu.be/rfUZIrI6HWU?si=fBq4siOdy5VlPHHy,"Quốc hội Việt Nam thông qua các luật quan trọng gồm Luật An ninh mạng, Luật Quản lý thuế, và Luật Thuế thu nhập cá nhân sửa đổi, với các nội dung chính: tăng cường bảo vệ an ninh mạng, thúc đẩy chuyển đổi số trong quản lý thuế, quy định thuế lũy tiến cho cá nhân và điều chỉnh mức giảm trừ gia cảnh.","Quốc hội thông qua Luật An ninh mạng (hiệu lực 01/05/2026) tập trung bảo vệ nhóm yếu thế và thống nhất đầu mối điều phối; Luật Quản lý thuế sửa đổi đẩy mạnh chuyển đổi số và xử lý nợ thuế trước 01/05/2026; Luật Thuế thu nhập cá nhân sửa đổi áp dụng biểu thuế 5 bậc và tăng mức giảm trừ gia cảnh cho bản thân lên 15,5 triệu đồng, người phụ thuộc lên 6,2 triệu đồng.","Quốc hội Việt Nam thông qua Luật An ninh mạng (hiệu lực từ 01/05/2026) bảo vệ nhóm yếu thế và thống nhất đầu mối điều phối; Luật Quản lý thuế sửa đổi đẩy mạnh chuyển đổi số, xử lý nợ thuế trước 01/05/2026; Luật Thuế thu nhập cá nhân sửa đổi áp dụng biểu thuế 5 bậc, tăng mức giảm trừ gia cảnh cho bản thân lên 15,5 triệu đồng và người phụ thuộc lên 6,2 triệu đồng.","The National Assembly of Vietnam passed the Cybersecurity Law (effective from May 1, 2026) to protect vulnerable groups and unify coordination; the amended Tax Administration Law promotes digital transformation and addresses tax arrears before May 1, 2026; the amended Personal Income Tax Law implements a 5-tier tax rate and increases the personal deduction to 15.5 million VND and dependent deduction to 6.2 million VND."
https://www.youtube.com/watch?v=fO61fIxIeOY,"Quyết định số 1946/QĐ-TG ban hành kế hoạch triển khai thi hành Luật Công nghiệp công nghệ số, xác định nội dung công việc, tiến độ, trách nhiệm của các cơ quan, tổ chức, nâng cao nhận thức, phổ biến luật, xây dựng và hướng dẫn văn bản quy phạm pháp luật, tổ chức kiểm tra và thi hành luật.","Quyết định số 1946/QĐ-TTg ngày 09/05/2025 ban hành kế hoạch triển khai thi hành Luật Công nghiệp công nghệ số nhằm xác định nội dung công việc, tiến độ và trách nhiệm của các cơ quan; tổ chức quán triệt, phổ biến, xây dựng văn bản quy phạm pháp luật và kiểm tra, rà soát hệ thống pháp luật về công nghệ số.","Quyết định số 1946/QĐ-TTg ngày 09/05/2025 ban hành kế hoạch triển khai thi hành Luật Công nghiệp công nghệ số, xác định nội dung công việc, tiến độ và trách nhiệm của các cơ quan, tổ chức, đồng thời tổ chức quán triệt, phổ biến luật, xây dựng, hướng dẫn và kiểm tra văn bản quy phạm pháp luật liên quan.","Decision No. 1946/QD-TTg dated May 9, 2025, promulgates the plan to implement the Law on Digital Technology Industry, specifying the tasks, timeline, and responsibilities of agencies and organizations, while organizing awareness-raising, dissemination of the law, and the drafting, guidance, and inspection of related legal documents."
https://youtu.be/RQvVpaT_Lvo?si=37YxKi1ShwWceQ8a,"Phó Thủ tướng Trần Hồng Hà chủ trì cuộc họp để tiếp thu ý kiến về dự thảo sửa đổi Luật Đất đai 2024, nhấn mạnh việc hoàn thiện dự thảo theo hướng chặt chẽ, minh bạch, thuận lợi cho quản lý và thi hành. Quy hoạch và kế hoạch sử dụng đất cấp xã cần gắn với quy hoạch đô thị, nông thôn, bảo đảm hiệu quả không gian. Doanh nghiệp có quyền chọn phương thức trả tiền thuê đất và được thế chấp tài sản gắn liền với đất khi trả một lần; thí điểm trả hàng năm cần tổng kết trước khi đưa vào luật.","Phó Thủ tướng Trần Hồng Hà chủ trì họp về dự thảo sửa đổi Luật Đất đai 2024, thống nhất không lập quy hoạch sử dụng đất cấp xã nhưng kế hoạch sử dụng đất cấp xã phải gắn với quy hoạch đô thị, nông thôn; doanh nghiệp được chọn trả tiền thuê đất một lần (được thế chấp tài sản gắn liền với đất) hoặc hàng năm; yêu cầu hoàn thiện dự thảo đảm bảo tính minh bạch và linh hoạt.","Phó Thủ tướng Trần Hồng Hà chủ trì họp về dự thảo sửa đổi Luật Đất đai 2024, nhấn mạnh hoàn thiện dự thảo theo hướng minh bạch, linh hoạt và thuận lợi cho quản lý, quy hoạch và kế hoạch sử dụng đất cấp xã phải gắn với quy hoạch đô thị, nông thôn; doanh nghiệp được chọn trả tiền thuê đất một lần (có thể thế chấp tài sản gắn liền với đất) hoặc hàng năm, thí điểm trả hàng năm cần tổng kết trước khi đưa vào luật.","Deputy Prime Minister Trần Hồng Hà chaired a meeting on the draft amendment of the 2024 Land Law, emphasizing its completion to ensure transparency, flexibility, and ease of management; commune-level land plans must align with urban and rural planning; businesses may choose to pay land rent in a lump sum (with the option to mortgage land-attached assets) or annually, with annual payment trials requiring review before inclusion in the law."
https://youtu.be/qFMCQyBB6V0?si=4Rhh_sFIMK_gkPjG,"Quyết định số 871 ban hành kế hoạch triển khai thi hành Luật Quản lý, sử dụng vũ khí, vật liệu nổ và công cụ hỗ trợ, bao gồm tổ chức hội nghị quán triệt, phổ biến luật, tuyên truyền, tập huấn nghiệp vụ, kiểm tra và xây dựng văn bản quy phạm pháp luật chi tiết.","Quyết định số 871 ban hành kế hoạch triển khai thi hành Luật Quản lý, sử dụng vũ khí, vật liệu nổ và công cụ hỗ trợ, bao gồm: tổ chức hội nghị quán triệt, tuyên truyền, phổ biến giáo dục pháp luật, tập huấn nghiệp vụ, rà soát và xây dựng văn bản quy phạm pháp luật quy định chi tiết, cùng công tác kiểm tra việc thi hành luật.","Quyết định số 871 ban hành kế hoạch triển khai thi hành Luật Quản lý, sử dụng vũ khí, vật liệu nổ và công cụ hỗ trợ, bao gồm tổ chức hội nghị quán triệt, tuyên truyền, phổ biến giáo dục pháp luật, tập huấn nghiệp vụ, rà soát và xây dựng văn bản quy phạm pháp luật chi tiết, cùng công tác kiểm tra việc thi hành luật.","Decision No. 871 issues the plan for implementing the Law on Management and Use of Weapons, Explosives, and Supporting Tools, including organizing briefing conferences, propaganda, legal education dissemination, professional training, reviewing and drafting detailed legal normative documents, and conducting inspections on law enforcement."
https://youtu.be/hAZgmWO3JZc?si=Gy9odDAUdjHFH5hw,"Thủ tướng Phạm Minh Chính chủ trì phiên họp Chính phủ về xây dựng pháp luật, thảo luận 10 dự án luật và một nghị quyết, chỉ đạo rà soát, sửa đổi, bổ sung các luật để phù hợp thực tiễn, nâng cao chất lượng, giảm thủ tục hành chính, phân cấp, tăng cường giám sát và phục vụ phát triển kinh tế - xã hội bền vững.","Thủ tướng Phạm Minh Chính chủ trì phiên họp Chính phủ chuyên đề xây dựng pháp luật tháng 9/2025, cho ý kiến 10 dự án luật và 01 nghị quyết; chỉ đạo đổi mới tư duy xây dựng luật theo hướng ngắn gọn, tăng cường hậu kiểm, phân cấp tối đa và yêu cầu cắt giảm 30% số lượng, thời gian, chi phí thủ tục hành chính trong năm nay.","Thủ tướng Phạm Minh Chính chủ trì phiên họp Chính phủ tháng 9/2025 về xây dựng pháp luật, thảo luận 10 dự án luật và 1 nghị quyết, chỉ đạo rà soát, sửa đổi, bổ sung các luật để ngắn gọn, phù hợp thực tiễn, nâng cao chất lượng, tăng cường hậu kiểm, phân cấp tối đa, cắt giảm 30% thủ tục hành chính, đồng thời tăng cường giám sát và phục vụ phát triển kinh tế - xã hội bền vững.","Prime Minister Pham Minh Chinh presided over the September 2025 Government session on lawmaking, discussing 10 draft laws and 1 resolution, directing the review, amendment, and supplementation of laws to be concise, practical, improve quality, enhance post-approval checks, maximize decentralization, reduce administrative procedures by 30%, and strengthen supervision while supporting sustainable socio-economic development."
https://www.youtube.com/watch?v=miUK6cecIx4,"Nghị định quy định phân quyền, phân cấp trong lĩnh vực quản lý nhà nước của Bộ Giáo dục và Đào tạo, xác định thẩm quyền, trình tự thủ tục cho các cơ quan trung ương và địa phương đối với các nhiệm vụ như công nhận phổ cập giáo dục, thành lập và quản lý cơ sở giáo dục có yếu tố nước ngoài, liên kết thi chứng chỉ ngoại ngữ, văn phòng đại diện giáo dục nước ngoài và dạy học tiếng dân tộc thiểu số; đồng thời quy định nguyên tắc phân cấp, hiệu lực thi hành và trách nhiệm tổ chức thực hiện.","Nghị định số 143/2025/NĐ-CP quy định về phân quyền, phân cấp trong quản lý nhà nước của Bộ Giáo dục và Đào tạo, có hiệu lực từ 01/05/2025 đến 01/05/2027. Nội dung trọng tâm là giao thẩm quyền cho Chủ tịch UBND cấp tỉnh thực hiện các việc: công nhận tỉnh đạt chuẩn phổ cập giáo dục/xóa mù chữ (mức độ 1 và 2); thành lập, giải thể, chuyển đổi loại hình cơ sở giáo dục mầm non và phổ thông do nước ngoài/tổ chức quốc tế đề nghị; phê duyệt liên kết thi cấp chứng chỉ ngoại ngữ nước ngoài; cấp phép và quản lý văn phòng đại diện của tổ chức giáo dục nước ngoài.","Nghị định số 143/2025/NĐ-CP quy định phân quyền, phân cấp trong quản lý nhà nước của Bộ Giáo dục và Đào tạo, xác định thẩm quyền, trình tự thủ tục cho các cơ quan trung ương và địa phương trong việc công nhận phổ cập giáo dục/xóa mù chữ, thành lập, giải thể, chuyển đổi cơ sở giáo dục có yếu tố nước ngoài, phê duyệt liên kết thi chứng chỉ ngoại ngữ, cấp phép và quản lý văn phòng đại diện giáo dục nước ngoài, đồng thời quy định nguyên tắc phân cấp, hiệu lực thi hành từ 01/05/2025 đến 01/05/2027 và trách nhiệm tổ chức thực hiện.","Decree No. 143/2025/ND-CP regulates decentralization and delegation in the state management of the Ministry of Education and Training, specifying authorities and procedures for central and local agencies in recognizing universal education/literacy, establishing, dissolving, or converting foreign-involved educational institutions, approving foreign language certificate collaborations, licensing and managing foreign education representative offices, while setting principles of delegation, effective from May 1, 2025, to May 1, 2027, and assigning organizational responsibilities."
https://youtu.be/2dIeRkOvh9U?si=MIhSvg7wrgd80qrs,"Dự thảo thông tư ban hành quy chế tuyển sinh các ngành đại học và cao đẳng của Bộ Giáo dục và Đào tạo năm 2026, giới hạn tối đa 5 phương thức tuyển sinh, thiết lập ngưỡng điểm đầu vào cho các ngành quan trọng, kiểm soát điểm ưu tiên và chứng chỉ ngoại ngữ dựa trên dữ liệu thực tế, bảo đảm công bằng, minh bạch và bảo lưu kết quả trúng tuyển trong một số trường hợp đặc biệt.","Dự thảo quy chế tuyển sinh đại học, cao đẳng năm 2026 đề xuất nhiều đột phá: giới hạn tối đa 05 phương thức tuyển sinh; quy định môn Toán hoặc Văn phải chiếm ít nhất 1/3 trọng số điểm xét tuyển nếu dùng học bạ/điểm thi; khống chế điểm trần không quá 30 và điểm cộng không quá 10%; áp dụng thuật toán ""trượt điểm ưu tiên"" từ mức 22,50 điểm; thiết lập ngưỡng đầu vào khắt khe cho khối ngành Sư phạm, Sức khỏe, Pháp luật và yêu cầu đối sánh dữ liệu thực tế để điều chỉnh bảng quy đổi chứng chỉ ngoại ngữ cũng như các kỳ thi độc lập.","Dự thảo Thông tư tuyển sinh đại học, cao đẳng năm 2026 của Bộ Giáo dục và Đào tạo giới hạn tối đa 5 phương thức tuyển sinh, quy định môn Toán hoặc Văn chiếm ít nhất 1/3 trọng số nếu xét học bạ/thi; khống chế điểm trần không quá 30 và điểm cộng không quá 10%, áp dụng thuật toán ""trượt điểm ưu tiên"" từ 22,5 điểm, thiết lập ngưỡng đầu vào khắt khe cho khối ngành Sư phạm, Sức khỏe, Pháp luật, kiểm soát điểm ưu tiên, điều chỉnh chứng chỉ ngoại ngữ theo dữ liệu thực tế, bảo đảm công bằng, minh bạch và bảo lưu kết quả trúng tuyển trong một số trường hợp đặc biệt.","The 2026 draft Circular on university and college admissions by the Ministry of Education and Training limits a maximum of 5 admission methods, requires Math or Literature to account for at least one-third of the score if using transcripts/exams, caps total scores at 30 with bonus points no more than 10%, applies a ""priority point drop"" algorithm from 22.5 points, sets strict entry thresholds for Pedagogy, Health, and Law, controls priority points, adjusts foreign language certificates based on actual data, ensures fairness, transparency, and allows retention of admission results in special cases."
https://youtu.be/6BXB9cj1nFs?si=TZNCTEaK8tkDLCRx,"Văn bản thông báo các nghị định xử phạt vi phạm hành chính trong lĩnh vực giao thông đường sắt, quản lý kinh doanh vàng và phòng, chống rửa tiền, điều chỉnh giá vé tàu hỏa theo biến động nhiên liệu, cùng cảnh báo về lưu hành thuốc chưa được cấp phép, yêu cầu cơ quan chức năng kiểm tra, xử lý vi phạm và bảo đảm an toàn cho người dân.","Chính phủ ban hành Nghị định 81/2026 xử phạt vi phạm hành chính lĩnh vực giao thông đường sắt (hiệu lực 15/05), chính thức bãi bỏ toàn bộ Nghị định 100/2019 để phân tách xử lý chuyên ngành; thông tin về vi phạm kinh doanh vàng, thuế, cạnh tranh của Công ty Bảo Tín Minh Châu bị chuyển sang Bộ Công an; ngành đường sắt tăng 3% giá vé hành khách từ 26/05 do biến động giá nhiên liệu; Cục Quản lý Dược cảnh báo khẩn về việc đối tượng Trần Thái Học mạo danh nhân viên y tế để tiêm thuốc dự phòng HIV chưa được cấp phép.","Chính phủ ban hành Nghị định 81/2026 xử phạt vi phạm hành chính trong giao thông đường sắt (hiệu lực từ 15/05), bãi bỏ Nghị định 100/2019; xử lý vi phạm kinh doanh vàng, thuế, cạnh tranh của Công ty Bảo Tín Minh Châu chuyển sang Bộ Công an; ngành đường sắt tăng 3% giá vé hành khách từ 26/05 do biến động nhiên liệu; Cục Quản lý Dược cảnh báo việc Trần Thái Học mạo danh nhân viên y tế tiêm thuốc dự phòng HIV chưa được cấp phép và yêu cầu cơ quan chức năng kiểm tra, xử lý vi phạm, bảo đảm an toàn cho người dân.","The government issued Decree 81/2026 on administrative penalties in railway transportation (effective from May 15), abolishing Decree 100/2019; violations related to gold trading, taxes, and competition by Bao Tin Minh Chau Company are transferred to the Ministry of Public Security; railway passenger fares increase by 3% from May 26 due to fuel fluctuations; the Drug Administration warns that Tran Thai Hoc impersonated medical staff to administer unlicensed HIV prophylactic drugs, requiring authorities to inspect, handle violations, and ensure public safety."
https://www.youtube.com/watch?v=d1Bh0TswHCA,"Luật ban hành văn bản quy phạm pháp luật năm 2025 có hiệu lực từ 01/04/2025, quy định rút gọn chương, điều, phân định rõ thẩm quyền lập pháp và lập quy, bỏ thẩm quyền ban hành văn bản cấp xã, tăng cường minh bạch, số hóa, nâng cao trách nhiệm giải trình và kiểm soát việc ban hành văn bản con, nhằm đơn giản hóa hệ thống pháp luật và thúc đẩy phát triển kinh tế–xã hội.","Luật Ban hành văn bản quy phạm pháp luật năm 2025 (hiệu lực từ 01/04/2025) gồm 9 chương, 72 điều; điểm nổi bật nhất là bỏ thẩm quyền ban hành văn bản quy phạm pháp luật của cấp xã, thay đổi hình thức văn bản của Tổng kiểm toán nhà nước sang thông tư, bổ sung nghị quyết quy phạm pháp luật của Chính phủ; luật mới còn 25 hình thức văn bản do 14 chủ thể ban hành, đồng thời siết chặt quy trình đánh giá tác động, kiểm soát văn bản con và đẩy mạnh số hóa hệ thống pháp luật.","Luật Ban hành văn bản quy phạm pháp luật năm 2025, có hiệu lực từ 01/04/2025, gồm 9 chương, 72 điều, bỏ thẩm quyền ban hành văn bản của cấp xã, điều chỉnh hình thức văn bản và bổ sung nghị quyết quy phạm pháp luật của Chính phủ, quy định 25 hình thức văn bản do 14 chủ thể ban hành, tăng cường đánh giá tác động, kiểm soát văn bản con, minh bạch hóa và số hóa hệ thống pháp luật nhằm đơn giản hóa và thúc đẩy phát triển kinh tế–xã hội.","The 2025 Law on Promulgation of Legal Normative Documents, effective from April 1, 2025, comprises 9 chapters and 72 articles, removes the authority for communes to issue legal documents, adjusts document forms and adds Government normative resolutions, defines 25 document types issued by 14 entities, strengthens impact assessment and sub-document control, and promotes transparency and digitalization to simplify the legal system and foster socio-economic development."
https://www.youtube.com/watch?v=xitz_IeUWnw,"Cục Thuế Bộ Tài chính hướng dẫn kê khai và nộp thuế đối với hộ và cá nhân kinh doanh từ năm 2026, thay thế thuế khoán bằng kê khai theo doanh thu thực tế, phân loại theo doanh thu, áp dụng hóa đơn điện tử cho doanh thu trên 1 tỷ đồng, và yêu cầu kê khai đầy đủ các kênh bán hàng để xác định nghĩa vụ thuế chính xác.","Từ năm 2026, hộ và cá nhân kinh doanh chuyển từ thuế khoán sang kê khai doanh thu thực tế: hộ dưới 500 triệu đồng/năm vẫn phải thông báo doanh thu 2 lần/năm; hộ trên 500 triệu đồng kê khai theo quý với thuế suất thuế TNCN từ 15% đến 20% trên phần lãi (hoặc 0,5-2% trên doanh thu nếu không xác định được chi phí); bắt buộc sử dụng hóa đơn điện tử cho doanh thu trên 1 tỷ đồng/năm. Hộ kinh doanh được chủ động lựa chọn địa điểm khấu trừ ngưỡng miễn thuế 500 triệu đồng và phải kê khai đầy đủ doanh thu từ tất cả các kênh, bao gồm cả sàn thương mại điện tử.","Từ năm 2026, hộ và cá nhân kinh doanh kê khai thuế dựa trên doanh thu thực tế thay cho thuế khoán; hộ dưới 500 triệu đồng/năm thông báo doanh thu 2 lần/năm, hộ trên 500 triệu đồng kê khai theo quý với thuế TNCN 15–20% trên lãi hoặc 0,5–2% trên doanh thu, bắt buộc sử dụng hóa đơn điện tử cho doanh thu trên 1 tỷ đồng, đồng thời kê khai đầy đủ doanh thu từ tất cả các kênh và tự chọn địa điểm khấu trừ ngưỡng miễn thuế 500 triệu đồng.","From 2026, business households and individuals will declare tax based on actual revenue instead of lump-sum tax; households under 500 million VND/year report revenue twice a year, those over 500 million VND declare quarterly with personal income tax 15–20% on profit or 0.5–2% on revenue, electronic invoices are mandatory for revenue over 1 billion VND, and all revenue channels must be fully reported with households allowed to choose the location for deducting the 500 million VND tax exemption threshold."
https://www.youtube.com/watch?v=IjbeR46MO4E,"Nghị định 175/2024/NĐ-CP hướng dẫn chi tiết một số điều và biện pháp thi hành Luật Xây dựng về quản lý hoạt động xây dựng, bao gồm phân cấp thẩm quyền, giám sát, lập và thẩm định dự án, áp dụng công nghệ số và BIM, điều chỉnh dự án, và quy định thẩm quyền thành lập ban quản lý dự án. Mục tiêu nhằm đơn giản hóa thủ tục hành chính, tăng cường kiểm tra, chuyển đổi số và khắc phục trùng chéo trong quản lý đầu tư xây dựng.","Nghị định 175/2024/NĐ-CP (thay thế Nghị định 15/2021/NĐ-CP) quy định chi tiết về quản lý hoạt động xây dựng với nguyên tắc xuyên suốt là đẩy mạnh phân cấp thẩm quyền thẩm định, kiểm tra nghiệm thu, cấp chứng chỉ hành nghề về cho địa phương. Các thay đổi trọng tâm bao gồm: mở rộng quy mô lập báo cáo kinh tế - kỹ thuật lên 20 tỷ đồng; bắt buộc áp dụng mô hình thông tin công trình (BIM) đối với dự án từ nhóm B hoặc công trình từ cấp II trở lên; bổ sung trình tự giám sát, đánh giá đầu tư; làm rõ khái niệm vốn nhà nước ngoài đầu tư công; và khôi phục quy định về tổ chức hoạt động của Ban quản lý dự án chuyên ngành, khu vực.","Nghị định 175/2024/NĐ-CP hướng dẫn chi tiết quản lý hoạt động xây dựng, bao gồm phân cấp thẩm quyền, giám sát, lập và thẩm định dự án, áp dụng công nghệ số và BIM cho dự án từ nhóm B hoặc công trình cấp II trở lên, điều chỉnh dự án, quy định thẩm quyền thành lập Ban quản lý dự án, mở rộng quy mô lập báo cáo kinh tế - kỹ thuật lên 20 tỷ đồng, làm rõ vốn nhà nước ngoài đầu tư công, với mục tiêu đơn giản hóa thủ tục hành chính, tăng cường kiểm tra và chuyển đổi số.","Decree 175/2024/ND-CP provides detailed guidance on construction activity management, including decentralization of authority, supervision, project preparation and appraisal, mandatory use of digital technology and BIM for Group B projects or grade II and above constructions, project adjustments, authority to establish project management boards, expanding economic-technical report scale to 20 billion VND, clarifying state capital outside public investment, aiming to simplify administrative procedures, enhance inspection, and promote digital transformation."
https://youtu.be/gR4Ut2IGpSM?si=hoqJKRBn9IrMOJE1,"Văn bản hướng dẫn mức trợ cấp người cao tuổi tại Việt Nam từ ngày 01/05/2025, quy định các đối tượng đủ điều kiện hưởng trợ cấp xã hội và trợ cấp hưu chí xã hội, cùng mức chuẩn và hệ số tính trợ cấp. Văn bản nêu rõ độ tuổi, điều kiện hộ nghèo, không có người phụng dưỡng, không hưởng lương hưu hoặc trợ cấp bảo hiểm xã hội, và hướng dẫn điều chỉnh định kỳ theo tình hình kinh tế – xã hội.","Văn bản phổ biến quy định về trợ cấp người cao tuổi từ 01/07/2025, cập nhật mức chuẩn trợ giúp xã hội tăng lên 500.000 đồng/tháng theo Nghị định 76/2024/NĐ-CP và bổ sung trợ cấp hưu trí xã hội theo Luật Bảo hiểm xã hội 2024. Đối tượng hưởng lợi bao gồm người từ 75 tuổi trở lên (hoặc từ 70 đến dưới 75 tuổi thuộc hộ nghèo/cận nghèo) không có lương hưu hoặc trợ cấp BHXH; và các nhóm người cao tuổi thuộc hộ nghèo, không người phụng dưỡng theo Nghị định 20/2021/NĐ-CP.","Văn bản quy định mức trợ cấp người cao tuổi tại Việt Nam, có hiệu lực từ 01/07/2025, bao gồm trợ cấp xã hội và trợ cấp hưu trí xã hội, áp dụng cho người từ 75 tuổi trở lên hoặc 70–74 tuổi thuộc hộ nghèo/cận nghèo, không có lương hưu hoặc trợ cấp BHXH, và các nhóm người cao tuổi thuộc hộ nghèo, không có người phụng dưỡng; mức chuẩn trợ giúp xã hội được cập nhật tăng lên 500.000 đồng/tháng và hướng dẫn điều chỉnh định kỳ theo tình hình kinh tế – xã hội.","The document stipulates old-age allowances in Vietnam, effective from July 1, 2025, including social and social pension allowances, applicable to individuals aged 75 and above or 70–74 from poor/nearly poor households without pensions or social insurance benefits, and other elderly in poor households without caregivers; the standard social assistance is updated to 500,000 VND/month, with guidance for periodic adjustments according to socio-economic conditions."
https://youtu.be/XUOwxQVUf-A?si=OmI_4QIT9L02viA0,"Nghị định 238/2025 quy định chính sách học phí, miễn giảm, hỗ trợ học phí và chi phí học tập trong lĩnh vực giáo dục từ năm học 2025–2026, bao gồm mức trần học phí, các đối tượng được miễn, giảm học phí và nhóm được hỗ trợ, đồng thời nêu cơ chế điều chỉnh hàng năm theo chỉ số giá tiêu dùng và điều kiện kinh tế xã hội.","Nghị định 238/2025/NĐ-CP quy định mức trần học phí từ năm học 2025-2026 đối với giáo dục mầm non, phổ thông (50.000 - 650.000 đồng/tháng) và lộ trình điều chỉnh hàng năm không quá 7,5% hoặc theo chỉ số giá tiêu dùng. Văn bản xác định 14 nhóm đối tượng miễn học phí (bao gồm toàn bộ học sinh phổ thông công lập và các chuyên ngành y tế đặc thù), các trường hợp giảm học phí (70% và 50%) cho sinh viên ngành nghệ thuật truyền thống, nghề nặng nhọc, độc hại và hỗ trợ học phí cho người học tại cơ sở giáo dục dân lập, tư thục.","Nghị định 238/2025/NĐ-CP quy định chính sách học phí, miễn giảm và hỗ trợ chi phí học tập từ năm học 2025–2026, bao gồm mức trần học phí cho giáo dục mầm non và phổ thông (50.000 - 650.000 đồng/tháng), 14 nhóm đối tượng được miễn học phí, các trường hợp giảm học phí (70% và 50%) cho sinh viên ngành nghệ thuật truyền thống, nghề nặng nhọc, độc hại, cơ chế hỗ trợ học phí cho cơ sở giáo dục dân lập, tư thục và lộ trình điều chỉnh hàng năm theo chỉ số giá tiêu dùng hoặc không quá 7,5%.","Decree 238/2025/ND-CP stipulates tuition policies, exemptions, reductions, and support for study costs from the 2025–2026 school year, including tuition caps for preschool and general education (50,000–650,000 VND/month), 14 groups eligible for tuition exemption, cases of 70% and 50% tuition reduction for students in traditional arts and hazardous/heavy professions, tuition support for private and non-public educational institutions, and an annual adjustment mechanism based on the consumer price index or up to 7.5%."
https://youtu.be/t6XYIMbQMdw?si=Wjtnjdzwpi5vlsWu,"Văn bản phổ biến quy định về cơ chế thu hút, trọng dụng và đãi ngộ nhân tài trong hoạt động công vụ theo Luật Cán bộ, Công chức 2025, xác định đối tượng là cán bộ, công chức, chuyên gia, sinh viên xuất sắc và nguồn nhân lực chất lượng cao, đồng thời hướng dẫn chính quyền các cấp xác định ngành, lĩnh vực ưu tiên và áp dụng chính sách phù hợp.","Văn bản phổ biến quy định tại Điều 4 Luật Cán bộ, công chức 2025 về cơ chế thu hút chuyên gia, nhà khoa học, sinh viên xuất sắc và chính sách trọng dụng người có tài năng trong hoạt động công vụ. Văn bản làm rõ tiêu chuẩn người có tài năng (phẩm chất, năng lực vượt trội, thành tích nổi bật) và quy định thẩm quyền của Chính phủ, người đứng đầu Bộ, ngành, Hội đồng nhân dân cấp tỉnh trong việc xác định lĩnh vực ưu tiên và quyết định các chính sách đãi ngộ phù hợp với ngân sách.","Văn bản hướng dẫn thực hiện Điều 4 Luật Cán bộ, Công chức 2025 về cơ chế thu hút, trọng dụng và đãi ngộ nhân tài trong công vụ, áp dụng cho cán bộ, công chức, chuyên gia, sinh viên xuất sắc và nguồn nhân lực chất lượng cao, làm rõ tiêu chuẩn nhân tài và thẩm quyền của Chính phủ, Bộ, ngành, Hội đồng nhân dân cấp tỉnh trong xác định lĩnh vực ưu tiên và quyết định chính sách phù hợp.","The document provides guidance on implementing Article 4 of the 2025 Law on Cadres and Civil Servants regarding mechanisms to attract, utilize, and reward talented individuals in public service, applicable to officials, civil servants, experts, outstanding students, and high-quality human resources, clarifying talent standards and the authority of the Government, ministries, sectors, and provincial People's Councils in determining priority fields and deciding appropriate policies."
https://youtu.be/oTbkibUjP_U?si=wPxO6IUjxMzFl2rQ,"Văn bản phổ biến quy định những việc nhà giáo không được làm theo Luật Nhà giáo 2025, bao gồm các hành vi bị nghiêm cấm trong cơ sở giáo dục công lập và ngoài công lập, các hành vi phân biệt đối xử, gian lận, ép buộc người học nộp tiền hoặc tham gia học thêm, đồng thời nêu những việc tổ chức, cá nhân không được làm đối với nhà giáo.","Văn bản phổ biến quy định về những việc nhà giáo không được làm theo Luật Nhà giáo 2025, bao gồm: tuân thủ các quy định về viên chức và lao động tùy thuộc vào loại hình cơ sở giáo dục; cấm phân biệt đối xử, gian lận kết quả, ép buộc học thêm hoặc nộp tiền trái quy định và lợi dụng chức danh để vi phạm pháp luật. Đồng thời, văn bản cũng quy định các hành vi tổ chức, cá nhân không được làm đối với nhà giáo như không thực hiện đầy đủ chế độ chính sách hoặc phát tán thông tin quy kết trách nhiệm khi chưa có kết luận chính thức.","Văn bản phổ biến các hành vi nhà giáo không được thực hiện theo Luật Nhà giáo 2025, bao gồm cấm phân biệt đối xử, gian lận, ép buộc học sinh nộp tiền hoặc tham gia học thêm, lợi dụng chức danh vi phạm pháp luật, đồng thời quy định những hành vi mà tổ chức, cá nhân không được thực hiện đối với nhà giáo như không thực hiện đầy đủ chế độ chính sách hoặc phát tán thông tin quy kết khi chưa có kết luận chính thức.","The document disseminates prohibited actions for teachers under the 2025 Law on Teachers, including discrimination, fraud, forcing students to pay or attend extra classes, and abusing their position to violate the law, while also stipulating actions that organizations and individuals must not take toward teachers, such as failing to implement full policies or spreading responsibility claims without official conclusions."
https://youtu.be/1nMRbQi6xKs?si=_opD1mf0SAgSIb7F,"Văn bản hướng dẫn nhà giáo ở Cần Thơ về nghĩa vụ pháp lý và đạo đức nghề nghiệp, bao gồm giảng dạy đúng mục tiêu, giữ gìn uy tín, phát huy năng lực học sinh, tôn trọng quyền lợi học sinh, nghiên cứu khoa học và tham gia xây dựng môi trường giáo dục an toàn, dân chủ, đổi mới. Cá nhân, tổ chức có thể tra cứu thêm thông tin pháp luật tại trang điện tử phổ biến pháp luật của thành phố.","Văn bản quy định nghĩa vụ của nhà giáo theo Luật Nhà giáo, bao gồm việc tuân thủ pháp luật về viên chức (đối với cơ sở công lập) hoặc pháp luật lao động (đối với cơ sở ngoài công lập). Các nghĩa vụ cụ thể gồm: giảng dạy đúng mục tiêu và chương trình; giữ gìn phẩm chất đạo đức, nêu gương và bảo đảm liêm chính học thuật; phát hiện bồi dưỡng năng khiếu học sinh; tôn trọng, đối xử công bằng với người học; thực hiện nghiên cứu khoa học, cập nhật công nghệ và tham gia xây dựng môi trường giáo dục an toàn, dân chủ, sáng tạo.","Văn bản hướng dẫn nghĩa vụ pháp lý và đạo đức nghề nghiệp của nhà giáo tại Cần Thơ theo Luật Nhà giáo, bao gồm giảng dạy đúng mục tiêu và chương trình, giữ gìn phẩm chất và uy tín, phát hiện và bồi dưỡng năng lực học sinh, tôn trọng quyền lợi và đối xử công bằng với người học, thực hiện nghiên cứu khoa học, cập nhật công nghệ, và tham gia xây dựng môi trường giáo dục an toàn, dân chủ, sáng tạo; áp dụng cho cả cơ sở công lập và ngoài công lập, thông tin chi tiết có thể tra cứu tại trang điện tử phổ biến pháp luật của thành phố.","The document guides the legal and professional ethical obligations of teachers in Can Tho under the Law on Teachers, including teaching according to objectives and curriculum, maintaining integrity and reputation, identifying and nurturing students' abilities, respecting rights and treating students fairly, conducting scientific research, updating technology, and contributing to a safe, democratic, and innovative educational environment; applicable to both public and private institutions, with detailed information available on the city's official legal information portal."
https://youtu.be/czjWCWi-0_o?si=apBVyDO17Yb56JeW,"Văn bản phổ biến những điểm mới của Luật xử lý vi phạm hành chính sửa đổi 2025, bao gồm: tăng thời hiệu xử phạt lên 2 năm với nhiều lĩnh vực, mức phạt tối đa đối với cá nhân và tổ chức, áp dụng xử phạt qua môi trường điện tử, thẩm quyền xử phạt gấp đôi tổ chức so với cá nhân, nguyên tắc tạm giữ tài sản bảo đảm, nâng mức phạt không lập biên bản, và tăng quyền cho công an cấp xã trong xử lý vi phạm hành chính.","Văn bản phổ biến 8 điểm mới của Luật Xử lý vi phạm hành chính sửa đổi 2025 (có hiệu lực từ 01/01/2026): tăng thời hiệu xử phạt lên 2 năm trong nhiều lĩnh vực; mức phạt tối đa cá nhân đến 500 triệu đồng (tổ chức 1 tỷ đồng) đối với đất đai, xây dựng, môi trường; bổ sung xử phạt và gửi quyết định qua môi trường điện tử/email; quy định tổ chức bị phạt gấp đôi cá nhân; bên nhận thế chấp được nhận lại tang vật là tài sản bảo đảm; nâng mức phạt không lập biên bản lên 500.000 đồng (cá nhân) và 1 triệu đồng (tổ chức); tăng quyền cho công an cấp xã lập hồ sơ đưa đối tượng vào cơ sở cai nghiện, trường giáo dưỡng.","Văn bản phổ biến 8 điểm mới của Luật Xử lý vi phạm hành chính sửa đổi 2025 (có hiệu lực từ 01/01/2026), gồm: tăng thời hiệu xử phạt lên 2 năm; mức phạt tối đa cá nhân 500 triệu đồng, tổ chức 1 tỷ đồng trong các lĩnh vực đất đai, xây dựng, môi trường; xử phạt và gửi quyết định qua môi trường điện tử/email; tổ chức bị phạt gấp đôi cá nhân; nguyên tắc tạm giữ và trả lại tài sản bảo đảm; nâng mức phạt không lập biên bản lên 500.000 đồng (cá nhân), 1 triệu đồng (tổ chức); tăng quyền cho công an cấp xã trong lập hồ sơ đưa đối tượng vào cơ sở cai nghiện, trường giáo dưỡng.","The document disseminates 8 new points of the amended 2025 Law on Handling Administrative Violations (effective from January 1, 2026), including: extending the statute of limitations to 2 years; maximum fines of 500 million VND for individuals and 1 billion VND for organizations in land, construction, and environmental sectors; penalties and decisions sent via electronic/email channels; organizations fined double the individual rate; principles for seizing and returning secured assets; increased fines without record up to 500,000 VND (individuals) and 1 million VND (organizations); enhanced authority for commune-level police to file dossiers for sending subjects to rehabilitation centers or educational institutions."
https://youtu.be/-LDrSnINR7s?si=cIuOtvz0pg-82HXn,"Văn bản phổ biến chuyên đề về năm nguyên tắc tổ chức và hoạt động của chính quyền địa phương, gồm tuân thủ pháp luật, tổ chức chính quyền tin gọn, bảo đảm quyền con người, nền hành chính thống nhất và thẩm quyền địa phương. Văn bản hướng dẫn thực hiện các nguyên tắc này trong quản lý và điều hành địa phương, đồng thời khuyến khích ứng dụng công nghệ thông tin và chuyển đổi số.","Văn bản phổ biến 5 nguyên tắc tổ chức và hoạt động của chính quyền địa phương theo Điều 4 Luật Chính quyền địa phương, bao gồm: tuân thủ Hiến pháp và pháp luật; tổ chức tinh gọn, hiệu quả, đẩy mạnh chuyển đổi số và trách nhiệm giải trình; bảo đảm quyền con người và sự giám sát của nhân dân; bảo đảm nền hành chính thống nhất; và nguyên tắc địa phương tự quyết định, tự chịu trách nhiệm trong phạm vi thẩm quyền. Văn bản cũng nêu rõ chế độ làm việc tập thể của Hội đồng nhân dân và Ủy ban nhân dân gắn với trách nhiệm của Chủ tịch Ủy ban nhân dân.","Văn bản phổ biến 5 nguyên tắc tổ chức và hoạt động của chính quyền địa phương theo Điều 4 Luật Chính quyền địa phương, gồm tuân thủ Hiến pháp và pháp luật; tổ chức tinh gọn, hiệu quả, đẩy mạnh chuyển đổi số và trách nhiệm giải trình; bảo đảm quyền con người và sự giám sát của nhân dân; bảo đảm nền hành chính thống nhất; và nguyên tắc địa phương tự quyết định, tự chịu trách nhiệm trong phạm vi thẩm quyền. Văn bản hướng dẫn quản lý, điều hành địa phương, chế độ làm việc tập thể của Hội đồng nhân dân và Ủy ban nhân dân gắn với trách nhiệm Chủ tịch UBND, đồng thời khuyến khích ứng dụng công nghệ thông tin và chuyển đổi số.","The document disseminates the five principles of organization and operation of local governments under Article 4 of the Law on Local Government, including compliance with the Constitution and laws; streamlined and efficient organization, promoting digital transformation and accountability; ensuring human rights and public oversight; maintaining a unified administration; and local autonomy within its authority. It provides guidance for local management and administration, collective working arrangements of People's Councils and People's Committees linked to the Chairman's responsibility, and encourages the use of information technology and digital transformation."
https://youtu.be/U-uwEtaFeDA?si=t0BDoYTiXEIZcvwJ,"Văn bản phổ biến chuyên đề về trách nhiệm của Chủ tịch Ủy ban nhân dân cấp tỉnh và cấp xã trong công tác hộ tịch theo mô hình tổ chức chính quyền địa phương hai cấp. Nội dung hướng dẫn thực hiện thẩm quyền, quản lý nhà nước về đăng ký, hủy bỏ, cập nhật và thống kê giấy tờ hộ tịch, cũng như tổng hợp báo cáo tình hình công tác hộ tịch tại địa phương.","Văn bản quy định trách nhiệm của Chủ tịch UBND cấp tỉnh và UBND cấp xã trong công tác hộ tịch theo mô hình hai cấp tại Nghị định 120/2025/NĐ-CP: Chủ tịch UBND cấp tỉnh có thẩm quyền thu hồi, hủy bỏ giấy tờ hộ tịch đăng ký trái pháp luật (trừ trường hợp kết hôn trái pháp luật); UBND cấp xã chịu trách nhiệm quản lý nhà nước, cập nhật cơ sở dữ liệu và thống kê số liệu hộ tịch trên địa bàn để báo cáo cấp tỉnh, với sự giúp việc của công chức tư pháp - hộ tịch.","Văn bản hướng dẫn trách nhiệm của Chủ tịch UBND cấp tỉnh và cấp xã trong công tác hộ tịch theo mô hình chính quyền địa phương hai cấp, bao gồm thẩm quyền thu hồi, hủy bỏ giấy tờ hộ tịch trái pháp luật, quản lý nhà nước, cập nhật cơ sở dữ liệu, thống kê và tổng hợp báo cáo tình hình công tác hộ tịch tại địa phương, với sự hỗ trợ của công chức tư pháp - hộ tịch.","The document provides guidance on the responsibilities of provincial and communal People's Committee Chairpersons in civil status work under the two-tier local government model, including authority to revoke or annul illegal civil status documents, state management, database updates, statistical compilation, and reporting on civil status activities, with assistance from judicial-civil status officers."
